dataset_id,file_id,file_label,event_index,event_source,event_label,start_seconds,end_seconds,duration_seconds,active_seconds,active_ratio,rms_dbfs,active_rms_dbfs,peak_dbfs,crest_factor_db,activity_threshold_dbfs,macro_event_count,macro_event_rate_hz,median_macro_event_spacing_seconds,internal_modulation_onset_count,internal_modulation_rate_hz,median_internal_modulation_spacing_seconds,pulse_rate_hz,pulse_strength,periodicity_hz,periodicity_strength,periodicity_cv,spectral_peak_hz,spectral_centroid_hz,rolloff_85_hz,spectral_flatness,spectral_sharpness_q,decay_t20_seconds,decay_rt60_seconds,decay_derived_q,energy_20_80,energy_80_150,energy_150_500,energy_500_1500,energy_1500_3000,energy_3000_8000
boiling_acoustic_regimes,c6ed7bfe-7f39-4612-96e7-b3962f8b36b2,background,0,detected,background,0,1,1,1,1,-9.89949,-9.89949,0,9.89949,-14.4592,1,,,4,4.41176,0.2,1.04167,0.96472,190.503,0.273554,0.453502,119.812,281.632,484.375,0.0552747,1.53359,,,,0.280982,0.189947,0.381244,0.131295,0.0104379,
boiling_acoustic_regimes,4349cab9-1484-4a85-ad68-1b86a59af91b,background,0,detected,background,0,1,1,1,1,-9.62401,-9.62401,0,9.62401,-14.3324,1,,,5,4.49438,0.18,1.11111,0.566385,210.526,0.294837,0.419744,59.875,241.862,359.375,0.0370072,1.27733,,,,0.318417,0.141005,0.420398,0.110306,0.00578128,
boiling_acoustic_regimes,40bd48c1-e8d9-4473-ba24-b1640129b46b,background,0,detected,background,0,1,1,1,1,-11.6146,-11.6146,0,11.6146,-16.0261,1,,,5,6.34921,0.145,1.21951,0.642791,151.159,0.249078,0.39016,114.688,276.499,453.125,0.054941,1.468,,,,0.24345,0.225391,0.393933,0.120882,0.0103384,
boiling_acoustic_regimes,a66509b1-0263-416a-a9c3-8ace2a1102ac,background,0,detected,background,0.08,0.1,0.02,0.02,1,-7.8399,-7.8399,0,7.8399,-10.5038,1,,,1,,,,,,,,166.006,204.737,281.25,0.0247762,1.77073,,,,0.489431,0.0864716,0.305226,0.105825,0.00943311,
boiling_acoustic_regimes,a66509b1-0263-416a-a9c3-8ace2a1102ac,background,1,detected,background,0.14,0.22,0.08,0.08,1,-8.80405,-8.80405,0,8.80405,-13.0558,1,,,1,,,20,0.508829,262.295,0.4708,0,92.8115,211.519,375,0.0285171,2.96997,,,,0.520975,0.123407,0.24566,0.0969591,0.00899754,
boiling_acoustic_regimes,a66509b1-0263-416a-a9c3-8ace2a1102ac,background,2,detected,background,0.25,0.26,0.01,0,0,-9.32891,-240,-2.5532,6.77571,-11.2671,1,,,1,,,,,,,,122.188,354.162,734.375,0.0500023,0.601541,,,,0.132166,0.204012,0.481002,0.161205,0.0113651,
boiling_acoustic_regimes,a66509b1-0263-416a-a9c3-8ace2a1102ac,background,3,detected,background,0.32,0.38,0.06,0.06,1,-6.75952,-6.75952,0,6.75952,-10.672,1,,,1,,,,,,,,138.155,159.544,296.875,0.0155551,4.42095,,,,0.564446,0.170889,0.202353,0.0549544,0.00485532,
boiling_acoustic_regimes,a66509b1-0263-416a-a9c3-8ace2a1102ac,background,4,detected,background,0.41,0.42,0.01,0,0,-8.83732,-240,-3.14504,5.69228,-10.7755,1,,,1,,,,,,,,66.758,484.183,750,0.150135,0.534064,,,,0.182832,0.139011,0.433353,0.179132,0.0441075,
boiling_acoustic_regimes,a66509b1-0263-416a-a9c3-8ace2a1102ac,background,5,detected,background,0.45,0.46,0.01,0,0,-7.44886,-240,0,7.44886,-9.38706,1,,,1,,,,,,,,106.838,274.768,500,0.0407683,0.759735,,,,0.238101,0.3085,0.300856,0.137411,0.00949798,
boiling_acoustic_regimes,a66509b1-0263-416a-a9c3-8ace2a1102ac,background,6,detected,background,0.49,0.5,0.01,0,0,-9.03643,-240,-0.0657042,8.97073,-10.9746,1,,,1,,,,,,,,200.266,434.887,859.375,0.0716995,0.985926,,,,0.0750486,0.150255,0.536402,0.195269,0.0332474,
boiling_acoustic_regimes,a66509b1-0263-416a-a9c3-8ace2a1102ac,background,7,detected,background,0.55,0.75,0.2,0.2,1,-8.99994,-8.99994,0,8.99994,-13.0249,1,,,1,,,7.14286,0.399499,256.016,0.466121,0.0452072,181.471,232.462,406.25,0.0377555,1.65916,,,,0.405242,0.134606,0.33308,0.11512,0.00744496,
boiling_acoustic_regimes,a66509b1-0263-416a-a9c3-8ace2a1102ac,background,8,detected,background,0.81,0.82,0.01,0,0,-8.90605,-240,-1.66298,7.24306,-10.8442,1,,,1,,,,,,,,314.36,547.67,1046.88,0.127213,1.829,,,,0.0255948,0.106842,0.584073,0.219532,0.0471818,
boiling_acoustic_regimes,a66509b1-0263-416a-a9c3-8ace2a1102ac,background,9,detected,background,0.99,1,0.01,0,0,-8.04461,-240,-0.923072,7.12154,-9.98281,1,,,1,,,,,,,,251.748,314.487,375,0.0156324,1.23937,,,,0.0221847,0.0485018,0.850913,0.0712055,0.00464798,
boiling_acoustic_regimes,ae2fcf25-d102-4162-a34e-aa32f279ba7a,background,0,detected,background,0.05,0.09,0.04,0.04,1,-9.3381,-9.3381,-1.96177,7.37633,-11.7819,1,,,1,,,,,457.143,0.381398,0,77.5927,195.739,328.125,0.0236155,1.24148,,,,0.465205,0.205516,0.25639,0.0608108,0.00867585,
boiling_acoustic_regimes,ae2fcf25-d102-4162-a34e-aa32f279ba7a,background,1,detected,background,0.16,0.24,0.08,0.08,1,-10.5625,-10.5625,0,10.5625,-14.4803,1,,,1,,,,0.0359897,87.9121,0.102205,0,136.579,325.465,734.375,0.0414934,2.91368,,,,0.156075,0.283023,0.310954,0.234513,0.0096763,
boiling_acoustic_regimes,ae2fcf25-d102-4162-a34e-aa32f279ba7a,background,2,detected,background,0.33,0.34,0.01,0,0,-8.37957,-240,-0.9386,7.44097,-10.3178,1,,,1,,,,,,,,77.9189,283.621,375,0.0553403,0.623351,,,,0.315053,0.263065,0.292723,0.105337,0.0163056,
boiling_acoustic_regimes,ae2fcf25-d102-4162-a34e-aa32f279ba7a,background,3,detected,background,0.4,0.55,0.15,0.15,1,-10.0794,-10.0794,0,10.0794,-14.2866,1,,,2,20,0.05,8.33333,0.685235,280.702,0.350779,0.23674,84.7971,196.687,250,0.038289,1.35675,,,,0.482238,0.167886,0.261113,0.0751819,0.00837641,
boiling_acoustic_regimes,ae2fcf25-d102-4162-a34e-aa32f279ba7a,background,4,detected,background,0.66,0.93,0.27,0.27,1,-7.9936,-7.9936,0,7.9936,-12.2122,1,,,3,20,0.05,14.2857,0.394687,225.352,0.645323,0.183892,130.333,193.888,296.875,0.0484121,1.04266,,,,0.627342,0.0929241,0.168869,0.0946359,0.0102287,
boiling_acoustic_regimes,ae2fcf25-d102-4162-a34e-aa32f279ba7a,background,5,detected,background,0.99,1,0.01,0,0,-7.46019,-240,-0.0637513,7.39644,-9.39839,1,,,1,,,,,,,,120.944,172.714,203.125,0.017876,0.703676,,,,0.241271,0.366446,0.361957,0.0223661,0.0054254,
boiling_acoustic_regimes,f4ef0b46-9135-4002-a90b-2f32b5d36e84,background,0,detected,background,0,1,1,1,1,-11.4001,-11.4001,0,11.4001,-15.614,1,,,4,3.22581,0.38,1.05263,0.836596,214.775,0.287011,0.289891,195.992,317.134,609.375,0.0592892,2.5087,,,,0.234453,0.127905,0.430543,0.190501,0.0100278,
boiling_acoustic_regimes,022c053a-09f9-4c91-b3d1-4af1cc83f5a5,nucleate,0,detected,nucleate,0,0.03,0.03,0.03,1,-9.38263,-9.38263,-1.28552,8.09711,-12.8982,1,,,1,,,,,285.714,0.645234,0,299.413,241.142,328.125,0.000064399,3.83249,,,,0.206069,0.0601916,0.684615,0.0491161,0.000006823,
boiling_acoustic_regimes,022c053a-09f9-4c91-b3d1-4af1cc83f5a5,nucleate,1,detected,nucleate,0.08,0.09,0.01,0,0,-9.32291,-240,-4.08762,5.23528,-11.2611,1,,,1,,,,,,,,156.757,280.145,406.25,0.0117368,1.25406,,,,0.0342697,0.18174,0.730633,0.0503367,0.00200318,
boiling_acoustic_regimes,022c053a-09f9-4c91-b3d1-4af1cc83f5a5,nucleate,2,detected,nucleate,0.12,0.18,0.06,0.06,1,-10.7069,-10.7069,0,10.7069,-15.2765,1,,,1,,,,,202.532,0.377036,0,251.216,305.974,531.25,0.000698296,5.35928,,,,0.109782,0.0311423,0.654472,0.204433,0.000141635,
boiling_acoustic_regimes,022c053a-09f9-4c91-b3d1-4af1cc83f5a5,nucleate,3,detected,nucleate,0.25,0.26,0.01,0,0,-10.6366,-240,-5.13835,5.49824,-12.5748,1,,,1,,,,,,,,193.533,342.988,437.5,0.0779803,1.37624,,,,0.0303122,0.128185,0.738075,0.0785734,0.0171125,
boiling_acoustic_regimes,022c053a-09f9-4c91-b3d1-4af1cc83f5a5,nucleate,4,detected,nucleate,0.3,0.44,0.14,0.14,1,-9.06585,-9.06585,-0.0733361,8.99251,-12.8655,1,,,1,,,14.2857,0.0787427,271.186,0.563663,0.0754781,307.056,181.325,328.125,0.000220935,4.9129,,,,0.434634,0.0435814,0.472472,0.0492436,0.000065907,
boiling_acoustic_regimes,022c053a-09f9-4c91-b3d1-4af1cc83f5a5,nucleate,5,detected,nucleate,0.48,0.5,0.02,0.02,1,-10.2101,-10.2101,-1.6,8.61006,-12.5008,1,,,1,,,,,,,,295.595,333.399,531.25,0.0126822,3.15302,,,,0.0437005,0.00385935,0.762155,0.187401,0.00204287,
boiling_acoustic_regimes,022c053a-09f9-4c91-b3d1-4af1cc83f5a5,nucleate,6,detected,nucleate,0.53,0.6,0.07,0.07,1,-10.7633,-10.7633,-2.05252,8.71073,-15.1337,1,,,1,,,,,301.887,0.539222,0,271.748,208.8,328.125,0.000061442,5.79728,,,,0.311139,0.0086935,0.638509,0.0416513,0.00000675,
boiling_acoustic_regimes,022c053a-09f9-4c91-b3d1-4af1cc83f5a5,nucleate,7,detected,nucleate,0.64,0.76,0.12,0.12,1,-9.2508,-9.2508,0,9.2508,-13.2793,1,,,2,11.1111,0.09,,0.0167911,134.053,0.432676,0.510836,192.096,242.59,312.5,0.000083551,4.09804,,,,0.0333012,0.0178188,0.92384,0.0250213,0.000017325,
boiling_acoustic_regimes,022c053a-09f9-4c91-b3d1-4af1cc83f5a5,nucleate,8,detected,nucleate,0.87,0.93,0.06,0.06,1,-10.4817,-10.4817,-2.36385,8.11789,-13.2277,1,,,1,,,,,266.667,0.521406,0,279.438,247.026,312.5,0.000029843,8.94201,,,,0.101832,0.0166387,0.865479,0.0160457,0.000004331,
boiling_acoustic_regimes,022c053a-09f9-4c91-b3d1-4af1cc83f5a5,nucleate,9,detected,nucleate,0.98,0.99,0.01,0,0,-9.89905,-240,-2.93541,6.96364,-11.8372,1,,,1,,,,,,,,284.591,253.918,343.75,0.0163109,0.958621,,,,0.106973,0.162034,0.698855,0.0280449,0.002964,
boiling_acoustic_regimes,44719da2-fb66-420e-8e70-c6e0ecf32633,nucleate,0,detected,nucleate,0,1,1,1,1,-10.8511,-10.8511,0,10.8511,-15.0873,1,,,5,6.89655,0.14,1.19048,0.829895,285.714,0.419342,0.286526,312.372,253.952,359.375,0.000408541,1.66598,,,,0.158284,0.0469388,0.718394,0.0763109,0.00006477,
boiling_acoustic_regimes,4c414473-b116-46c6-a960-4a992975f554,nucleate,0,detected,nucleate,0.01,0.07,0.06,0.06,1,-9.46852,-9.46852,0,9.46852,-13.986,1,,,1,,,,,166.667,0.509791,0,332.36,305.426,343.75,0.000069778,7.09035,,,,0.0288023,0.0101445,0.900133,0.0609049,0.000013938,
boiling_acoustic_regimes,4c414473-b116-46c6-a960-4a992975f554,nucleate,1,detected,nucleate,0.2,0.21,0.01,0,0,-8.50276,-240,-0.021514,8.48124,-10.441,1,,,1,,,,,,,,267.242,395.213,625,0.0866273,1.71035,,,,0.0431295,0.0554487,0.727782,0.145856,0.0193248,
boiling_acoustic_regimes,4c414473-b116-46c6-a960-4a992975f554,nucleate,2,detected,nucleate,0.24,0.26,0.02,0.02,1,-8.97751,-8.97751,-3.52506,5.45245,-11.0257,1,,,1,,,,,,,,300.248,276.597,343.75,0.00039016,2.74513,,,,0.085765,0.0497484,0.851568,0.0128759,0.000026609,
boiling_acoustic_regimes,4c414473-b116-46c6-a960-4a992975f554,nucleate,3,detected,nucleate,0.3,0.36,0.06,0.06,1,-8.23287,-8.23287,0,8.23287,-11.5612,1,,,1,,,,,280.702,0.573656,0,267.127,246.48,328.125,0.000193685,4.27403,,,,0.179068,0.0298173,0.743939,0.0471252,0.000043865,
boiling_acoustic_regimes,4c414473-b116-46c6-a960-4a992975f554,nucleate,4,detected,nucleate,0.42,0.49,0.07,0.07,1,-9.30838,-9.30838,-1.95153,7.35684,-14.5271,1,,,2,33.3333,0.03,,,168.421,0.595896,0,336.267,157.065,343.75,0.000571036,7.17369,,,,0.592978,0.0501719,0.294529,0.062105,0.00018587,
boiling_acoustic_regimes,4c414473-b116-46c6-a960-4a992975f554,nucleate,5,detected,nucleate,0.55,0.63,0.08,0.08,1,-10.6856,-10.6856,-3.18805,7.49752,-14.591,1,,,1,,,25,0.752022,266.667,0.377925,0,218.384,248.725,312.5,0.000088574,3.49415,,,,0.082376,0.0409563,0.829048,0.0476042,0.000013746,
boiling_acoustic_regimes,4c414473-b116-46c6-a960-4a992975f554,nucleate,6,detected,nucleate,0.7,0.76,0.06,0.06,1,-9.71574,-9.71574,-1.24858,8.46716,-12.1262,1,,,1,,,,,271.186,0.590872,0,263.844,211.442,328.125,0.00007556,8.44299,,,,0.297783,0.00310973,0.653536,0.0455542,0.000015674,
boiling_acoustic_regimes,4c414473-b116-46c6-a960-4a992975f554,nucleate,7,detected,nucleate,0.81,0.91,0.1,0.1,1,-7.86625,-7.86625,0,7.86625,-12.2538,1,,,1,,,12.5,0.624925,280.702,0.630453,0,254.853,183.95,328.125,0.000551058,2.03883,,,,0.453233,0.0205506,0.448971,0.0770607,0.00017685,
boiling_acoustic_regimes,4c414473-b116-46c6-a960-4a992975f554,nucleate,8,detected,nucleate,0.96,0.99,0.03,0.03,1,-8.22766,-8.22766,0,8.22766,-10.6739,1,,,1,,,,,290.909,0.614795,0,247.349,257.526,343.75,0.00610397,2.63839,,,,0.136846,0.0157187,0.813587,0.0324481,0.000989607,
boiling_acoustic_regimes,683a7a4d-eb3c-46af-858e-ebbfe3b7619f,nucleate,0,detected,nucleate,0,1,1,1,1,-10.2593,-10.2593,0,10.2593,-15.2066,1,,,5,4.54545,0.21,1.23457,0.353675,264.481,0.402413,0.273639,208.084,235.136,343.75,0.000241112,1.10978,,,,0.170121,0.0560281,0.726469,0.0473518,0.000025922,
boiling_acoustic_regimes,4a31e170-49a5-4ed5-991f-22d1c32a7e5b,nucleate,0,detected,nucleate,0,1,1,1,1,-12.8236,-12.8236,-0.0142759,12.8094,-17.6769,1,,,6,6.09756,0.11,1.0989,0.629932,275.862,0.425106,0.122687,264.981,256.579,359.375,0.0002765,1.88431,,,,0.157985,0.0435491,0.712375,0.0860492,0.000037876,
boiling_acoustic_regimes,e4c794bd-24ba-4a95-9e2f-3bad9d160078,nucleate,0,detected,nucleate,0,0.03,0.03,0.03,1,-15.57,-15.57,-7.3425,8.22755,-20.0861,1,,,1,,,,,296.296,0.540686,0,271.604,237.458,328.125,0.00026593,2.17283,,,,0.207852,0.0687808,0.670903,0.0524239,0.000036293,
boiling_acoustic_regimes,e4c794bd-24ba-4a95-9e2f-3bad9d160078,nucleate,1,detected,nucleate,0.06,0.29,0.23,0.23,1,-14.2913,-14.2913,-4.74894,9.54238,-18.3452,1,,,2,6.25,0.16,14.2857,0.186424,275.862,0.550444,0.0543222,207.581,195.885,328.125,0.000164292,2.65704,,,,0.360761,0.0273077,0.562486,0.0494198,0.000023811,
boiling_acoustic_regimes,e4c794bd-24ba-4a95-9e2f-3bad9d160078,nucleate,2,detected,nucleate,0.35,0.54,0.19,0.19,1,-15.7673,-15.7673,-4.9826,10.7847,-21.0771,1,,,2,6.25,0.16,6.25,0.692951,166.428,0.366807,0.493,243.633,271.736,359.375,0.000152363,2.2275,,,,0.0334155,0.0335109,0.868772,0.0642834,0.000015921,
boiling_acoustic_regimes,e4c794bd-24ba-4a95-9e2f-3bad9d160078,nucleate,3,detected,nucleate,0.57,0.62,0.05,0.05,1,-15.2564,-15.2564,-6.60591,8.65045,-18.1861,1,,,1,,,,,285.714,0.634254,0,279.452,235.472,328.125,0.000096766,3.57699,,,,0.253139,0.00805121,0.673723,0.0650681,0.000016468,
boiling_acoustic_regimes,e4c794bd-24ba-4a95-9e2f-3bad9d160078,nucleate,4,detected,nucleate,0.7,0.73,0.03,0.03,1,-12.4911,-12.4911,-0.114668,12.3764,-16.8279,1,,,1,,,,,38.5542,0.471333,0,189.405,242.273,359.375,0.00828944,3.03048,,,,0.262974,0.0157917,0.611804,0.107659,0.00125643,
boiling_acoustic_regimes,e4c794bd-24ba-4a95-9e2f-3bad9d160078,nucleate,5,detected,nucleate,0.78,0.79,0.01,0,0,-12.2774,-240,-5.45199,6.82544,-14.2156,1,,,1,,,,,,,,240.187,288.869,359.375,0.0279515,1.098,,,,0.0278258,0.0826325,0.831984,0.0496511,0.00551726,
boiling_acoustic_regimes,e4c794bd-24ba-4a95-9e2f-3bad9d160078,nucleate,6,detected,nucleate,0.9,0.96,0.06,0.06,1,-13.422,-13.422,-3.91288,9.50916,-16.919,1,,,1,,,,,258.065,0.548,0,197.343,201.442,296.875,0.000133549,4.20999,,,,0.270203,0.0209219,0.669481,0.0393621,0.000029172,
boiling_acoustic_regimes,2a9c3d02-5809-4caa-a0ff-8d2f0a9d1ab6,pre_chf,0,detected,pre_chf,0.01,0.06,0.05,0.05,1,-10.9574,-10.9574,-0.516314,10.4411,-15.6277,1,,,1,,,,,190.476,0.691,0,185.046,191.204,234.375,0.000466694,3.94765,,,,0.162033,0.00965974,0.796075,0.0321679,0.000049857,
boiling_acoustic_regimes,2a9c3d02-5809-4caa-a0ff-8d2f0a9d1ab6,pre_chf,1,detected,pre_chf,0.09,0.33,0.24,0.02,0.0833333,-11.8938,-9.22359,-2.02462,9.86921,-9.77727,1,,,3,13.3333,0.075,4.7619,0.986284,258.065,0.662346,0,213.547,155.68,281.25,0.000163936,4.55567,,,,0.392353,0.122159,0.461456,0.0239872,0.000036048,
boiling_acoustic_regimes,2a9c3d02-5809-4caa-a0ff-8d2f0a9d1ab6,pre_chf,2,detected,pre_chf,0.38,0.47,0.09,0.09,1,-11.9293,-11.9293,-4.77827,7.15106,-14.8073,1,,,1,,,16.6667,0.660271,213.371,0.582758,0.0133333,192.557,150.864,265.625,0.000489423,4.10787,,,,0.482703,0.0663696,0.418778,0.0319266,0.000208086,
boiling_acoustic_regimes,2a9c3d02-5809-4caa-a0ff-8d2f0a9d1ab6,pre_chf,3,detected,pre_chf,0.51,0.67,0.16,0.16,1,-11.8925,-11.8925,-3.87147,8.02101,-15.2475,1,,,1,,,8.33333,0.225458,222.222,0.541057,0.0380407,189.368,178.682,265.625,0.000403757,3.02989,,,,0.275987,0.039011,0.664541,0.0203648,0.000082191,
boiling_acoustic_regimes,2a9c3d02-5809-4caa-a0ff-8d2f0a9d1ab6,pre_chf,4,detected,pre_chf,0.7,0.81,0.11,0.11,1,-10.2883,-10.2883,-0.0162675,10.2721,-15.7735,1,,,1,,,20,0.549869,240.724,0.550349,0.0225564,253.894,131.293,265.625,0.000298749,4.06231,,,,0.572969,0.0328675,0.374978,0.0191053,0.000069925,
boiling_acoustic_regimes,2a9c3d02-5809-4caa-a0ff-8d2f0a9d1ab6,pre_chf,5,detected,pre_chf,0.92,1,0.08,0.08,1,-12.82,-12.82,-5.29804,7.52198,-16.4867,1,,,1,,,,-0.366243,262.295,0.508029,0,177.789,167.27,328.125,0.000690817,3.79283,,,,0.459722,0.0224688,0.480938,0.036704,0.000146254,
boiling_acoustic_regimes,5c3f91c3-8119-43cd-8a1e-d46ff58b3d85,pre_chf,0,detected,pre_chf,0.03,0.04,0.01,0,0,-9.47359,-240,-5.07515,4.39844,-11.4118,1,,,1,,,,,,,,181.963,219.876,265.625,0.00994936,1.29396,,,,0.021159,0.20165,0.751608,0.0232445,0.00166456,
boiling_acoustic_regimes,5c3f91c3-8119-43cd-8a1e-d46ff58b3d85,pre_chf,1,detected,pre_chf,0.08,0.37,0.29,0.29,1,-10.6293,-10.6293,-0.00125918,10.6281,-14.9854,1,,,2,5.88235,0.17,4.54545,0.45693,228.571,0.625156,0.0770402,223.158,174.035,281.25,0.000356727,2.38035,,,,0.369947,0.0352377,0.555763,0.0389895,0.000053331,
boiling_acoustic_regimes,5c3f91c3-8119-43cd-8a1e-d46ff58b3d85,pre_chf,2,detected,pre_chf,0.4,0.51,0.11,0.03,0.272727,-12.3889,-9.93539,-3.21634,9.17251,-10.9557,1,,,1,,,,-0.727922,216.216,0.656725,0,200.525,141.912,265.625,0.000191857,3.2084,,,,0.502643,0.0658016,0.404185,0.0273213,0.000041856,
boiling_acoustic_regimes,5c3f91c3-8119-43cd-8a1e-d46ff58b3d85,pre_chf,3,detected,pre_chf,0.55,0.78,0.23,0.23,1,-9.02089,-9.02089,0,9.02089,-13.9425,1,,,3,11.7647,0.085,7.14286,0.892446,250,0.671464,0.0840677,216.18,147.749,265.625,0.000457182,2.30592,,,,0.475933,0.0390088,0.468172,0.0167535,0.000112181,
boiling_acoustic_regimes,5c3f91c3-8119-43cd-8a1e-d46ff58b3d85,pre_chf,4,detected,pre_chf,0.91,1,0.09,0.08,0.888889,-7.10562,-6.75045,-0.266126,6.83949,-11.1312,1,,,1,,,14.2857,0.560357,253.968,0.76648,0,236.783,84.9417,234.375,0.000077176,5.05137,,,,0.759341,0.0153464,0.217045,0.00824761,0.00001719,
boiling_acoustic_regimes,cc123204-c1c3-45e9-ac6c-2003d20e3a18,pre_chf,0,detected,pre_chf,0.01,0.06,0.05,0.05,1,-10.7005,-10.7005,-2.43506,8.26548,-17.2101,1,,,2,33.3333,0.03,,,228.571,0.771595,0,209.828,212.073,265.625,0.00125853,4.47634,,,,0.136768,0.0119991,0.830451,0.0205367,0.000169431,
boiling_acoustic_regimes,cc123204-c1c3-45e9-ac6c-2003d20e3a18,pre_chf,1,detected,pre_chf,0.14,0.44,0.3,0.05,0.166667,-9.05072,-4.92018,0,9.05072,-6.58913,1,,,1,,,3.57143,0.717941,235.294,0.787866,0,216.731,79.618,218.75,0.000047314,6.93538,,,,0.789219,0.0122289,0.188793,0.00974242,0.000015212,
boiling_acoustic_regimes,cc123204-c1c3-45e9-ac6c-2003d20e3a18,pre_chf,2,detected,pre_chf,0.52,0.64,0.12,0.12,1,-11.651,-11.651,-0.751549,10.8994,-15.4038,1,,,3,25,0.04,14.2857,0.861259,233.689,0.654351,0.0218978,189.01,144.512,234.375,0.000227216,2.41933,,,,0.446326,0.0222009,0.514132,0.017293,0.00004368,
boiling_acoustic_regimes,cc123204-c1c3-45e9-ac6c-2003d20e3a18,pre_chf,3,detected,pre_chf,0.7,0.72,0.02,0.02,1,-13.1855,-13.1855,-7.10867,6.07681,-15.1357,1,,,1,,,,,,,,201.82,261.271,234.375,0.0374739,2.15275,,,,0.0238651,0.0414144,0.870683,0.0513278,0.00880778,
boiling_acoustic_regimes,cc123204-c1c3-45e9-ac6c-2003d20e3a18,pre_chf,4,detected,pre_chf,0.8,0.99,0.19,0.03,0.157895,-9.1515,-5.72897,-1.14272,8.00878,-6.1129,1,,,1,,,5.88235,0.84238,296.296,0.829041,0,262.081,58.4629,46.875,0.000060703,5.59107,,,,0.879116,0.00998433,0.107272,0.00360483,0.000019914,
boiling_acoustic_regimes,ef1f3c0b-0f58-421b-96bb-c91af8a2c95e,pre_chf,0,detected,pre_chf,0,0.06,0.06,0,0,-6.53522,-240,0,6.53522,-3.81675,1,,,1,,,,,307.692,0.767954,0,201.304,73.8076,156.25,0.000089605,6.44173,,,,0.842274,0.00376445,0.143415,0.010511,0.000031826,
boiling_acoustic_regimes,ef1f3c0b-0f58-421b-96bb-c91af8a2c95e,pre_chf,1,detected,pre_chf,0.09,0.32,0.23,0.23,1,-10.399,-10.399,-0.982659,9.41634,-15.163,1,,,3,16.6667,0.06,8.33333,0.543367,238.806,0.624784,0.0955373,193.483,168.776,281.25,0.000212368,4.12764,,,,0.383565,0.0299941,0.553686,0.0327258,0.000024852,
boiling_acoustic_regimes,ef1f3c0b-0f58-421b-96bb-c91af8a2c95e,pre_chf,2,detected,pre_chf,0.42,0.43,0.01,0,0,-10.493,-240,-4.9791,5.51393,-12.4312,1,,,1,,,,,,,,243.234,362.6,421.875,0.0759825,1.41518,,,,0.0156884,0.0622461,0.796658,0.100512,0.0173543,
boiling_acoustic_regimes,ef1f3c0b-0f58-421b-96bb-c91af8a2c95e,pre_chf,3,detected,pre_chf,0.46,0.54,0.08,0.08,1,-11.8259,-11.8259,-4.0757,7.75019,-17.1521,1,,,1,,,,-0.714062,231.884,0.560247,0,219.703,214.101,296.875,0.00012058,4.68699,,,,0.154253,0.0148766,0.818391,0.0124503,0.000024286,
boiling_acoustic_regimes,ef1f3c0b-0f58-421b-96bb-c91af8a2c95e,pre_chf,4,detected,pre_chf,0.59,0.6,0.01,0,0,-11.6127,-240,-4.64917,6.96353,-13.5509,1,,,1,,,,,,,,204.096,361.404,609.375,0.0246156,1.18747,,,,0.0157606,0.0974149,0.60566,0.275671,0.00343752,
boiling_acoustic_regimes,ef1f3c0b-0f58-421b-96bb-c91af8a2c95e,pre_chf,5,detected,pre_chf,0.67,0.79,0.12,0.12,1,-11.2433,-11.2433,-3.03761,8.20565,-14.4711,1,,,1,,,,-0.497177,217.697,0.600647,0.00680272,214.357,175.011,250,0.000369812,4.57295,,,,0.326211,0.042197,0.596581,0.0349231,0.000078173,
boiling_acoustic_regimes,ef1f3c0b-0f58-421b-96bb-c91af8a2c95e,pre_chf,6,detected,pre_chf,0.88,0.96,0.08,0.08,1,-8.45936,-8.45936,0,8.45936,-14.0507,1,,,1,,,20,0.713742,207.792,0.592668,0,204.415,145.94,250,0.000179662,6.54128,,,,0.425942,0.0582534,0.505459,0.0102953,0.000045231,
boiling_acoustic_regimes,ef1f3c0b-0f58-421b-96bb-c91af8a2c95e,pre_chf,7,detected,pre_chf,0.99,1,0.01,0,0,-12.046,-240,-6.71477,5.33121,-13.9842,1,,,1,,,,,,,,211.022,299.779,390.625,0.0541953,0.964672,,,,0.0787307,0.145775,0.6942,0.0638725,0.012352,
boiling_acoustic_regimes,a19234b4-1c74-44bf-901f-d3d2a61c1f38,pre_chf,0,detected,pre_chf,0.01,0.29,0.28,0.03,0.107143,-7.31624,-5.15285,0,7.31624,-4.89922,2,4.16667,0.24,2,4.54545,0.22,,-0.632316,242.424,0.70311,0,221.791,122.215,250,0.000588872,7.09732,,,,0.621217,0.023874,0.335683,0.0190669,0.000140858,
boiling_acoustic_regimes,a19234b4-1c74-44bf-901f-d3d2a61c1f38,pre_chf,1,detected,pre_chf,0.35,0.41,0.06,0.06,1,-7.8378,-7.8378,0,7.8378,-13.0634,1,,,1,,,,,219.178,0.701612,0,200.544,139.07,265.625,0.000189699,4.27827,,,,0.563558,0.0255887,0.380912,0.0298788,0.000054833,
boiling_acoustic_regimes,a19234b4-1c74-44bf-901f-d3d2a61c1f38,pre_chf,2,detected,pre_chf,0.46,0.6,0.14,0.14,1,-9.60266,-9.60266,-1.89576,7.7069,-13.2028,1,,,1,,,9.09091,0.829702,242.424,0.709233,0.0416646,216.257,97.4724,218.75,0.000299228,2.30674,,,,0.69604,0.0573356,0.225593,0.0209461,0.000078331,
boiling_acoustic_regimes,a19234b4-1c74-44bf-901f-d3d2a61c1f38,pre_chf,3,detected,pre_chf,0.63,0.64,0.01,0,0,-10.5003,-240,-5.70983,4.79049,-12.4385,1,,,1,,,,,,,,81.5602,336.787,484.375,0.0587146,0.579984,,,,0.213515,0.195042,0.443829,0.130121,0.0124245,
boiling_acoustic_regimes,a19234b4-1c74-44bf-901f-d3d2a61c1f38,pre_chf,4,detected,pre_chf,0.69,0.74,0.05,0.05,1,-10.4659,-10.4659,-1.05632,9.40954,-13.4211,1,,,1,,,,,216.216,0.629452,0,219.038,196.702,234.375,0.00131064,2.80369,,,,0.210865,0.0239375,0.728962,0.0360212,0.000152757,
boiling_acoustic_regimes,a19234b4-1c74-44bf-901f-d3d2a61c1f38,pre_chf,5,detected,pre_chf,0.77,0.81,0.04,0.04,1,-11.812,-11.812,-3.53671,8.27526,-15.6821,1,,,1,,,,,213.333,0.715722,0,232.301,191.777,281.25,0.00317768,4.95575,,,,0.307615,0.0277641,0.624079,0.0398306,0.000494317,
boiling_acoustic_regimes,a19234b4-1c74-44bf-901f-d3d2a61c1f38,pre_chf,6,detected,pre_chf,0.89,0.97,0.08,0.08,1,-7.47388,-7.47388,-0.484777,6.9891,-11.8167,1,,,2,25,0.04,,-0.541457,222.222,0.696562,0,165.467,115.732,218.75,0.000178408,3.52995,,,,0.598282,0.0362905,0.341965,0.0234342,0.000024239,
boiling_acoustic_regimes,3ffcc0d1-f8ca-48de-8afc-bafafa5fcc06,transition,0,detected,transition,0.06,0.08,0.02,0.02,1,-17.4776,-17.4776,-5.00017,12.4774,-20.3813,1,,,1,,,,,,,,400.599,535.23,796.875,0.0101082,3.66262,,,,0.0228899,0.0450969,0.437448,0.491865,0.00227568,
boiling_acoustic_regimes,3ffcc0d1-f8ca-48de-8afc-bafafa5fcc06,transition,1,detected,transition,0.12,0.13,0.01,0,0,-16.5273,-240,-5.63097,10.8964,-18.4655,1,,,1,,,,,,,,540.934,641.377,1015.63,0.0177855,1.8221,,,,0.0183797,0.00859755,0.272062,0.690133,0.0104791,
boiling_acoustic_regimes,3ffcc0d1-f8ca-48de-8afc-bafafa5fcc06,transition,2,detected,transition,0.19,0.2,0.01,0,0,-18.9384,-240,-8.92767,10.0107,-20.8766,1,,,1,,,,,,,,727.799,610.38,796.875,0.0234034,4.65791,,,,0.0423164,0.0579545,0.129603,0.763768,0.00491364,
boiling_acoustic_regimes,3ffcc0d1-f8ca-48de-8afc-bafafa5fcc06,transition,3,detected,transition,0.23,0.24,0.01,0,0,-16.9087,-240,-7.748,9.1607,-18.8469,1,,,1,,,,,,,,385.405,596.67,953.125,0.018499,2.74066,,,,0.0118506,0.00585019,0.504971,0.469257,0.00726782,
boiling_acoustic_regimes,3ffcc0d1-f8ca-48de-8afc-bafafa5fcc06,transition,4,detected,transition,0.32,0.33,0.01,0,0,-14.9042,-240,-3.03916,11.865,-16.8424,1,,,1,,,,,,,,713.292,630.708,1031.25,0.0957198,4.56507,,,,0.0598068,0.0912519,0.290192,0.522948,0.0262315,
boiling_acoustic_regimes,3ffcc0d1-f8ca-48de-8afc-bafafa5fcc06,transition,5,detected,transition,0.43,0.44,0.01,0,0,-11.8083,-240,-2.80673,9.00154,-13.7465,1,,,1,,,,,,,,682.398,663.452,875,0.0442262,3.97032,,,,0.0022968,0.00672458,0.282656,0.694827,0.0112966,
boiling_acoustic_regimes,3ffcc0d1-f8ca-48de-8afc-bafafa5fcc06,transition,6,detected,transition,0.49,0.52,0.03,0.03,1,-12.7295,-12.7295,-0.126949,12.6026,-16.8217,1,,,1,,,,,36.9515,0.832072,0,414.78,628.433,906.25,0.00667768,5.30919,,,,0.00769508,0.00598676,0.40797,0.576545,0.00153348,
boiling_acoustic_regimes,3ffcc0d1-f8ca-48de-8afc-bafafa5fcc06,transition,7,detected,transition,0.7,0.71,0.01,0,0,-19.3726,-240,-12.3976,6.97499,-21.3108,1,,,1,,,,,,,,94.3103,488.592,781.25,0.010651,0.670651,,,,0.0870341,0.0973635,0.306446,0.504346,0.00393888,
boiling_acoustic_regimes,3ffcc0d1-f8ca-48de-8afc-bafafa5fcc06,transition,8,detected,transition,0.74,0.75,0.01,0,0,-17.703,-240,-9.47212,8.23089,-19.6412,1,,,1,,,,,,,,785.165,739.146,843.75,0.0340566,4.18755,,,,0.00697999,0.0133388,0.0756172,0.891591,0.0106998,
boiling_acoustic_regimes,3ffcc0d1-f8ca-48de-8afc-bafafa5fcc06,transition,9,detected,transition,0.9,0.91,0.01,0,0,-18.9624,-240,-11.1829,7.77942,-20.9006,1,,,1,,,,,,,,830.854,807.206,937.5,0.0372034,2.95415,,,,0.00360801,0.00592812,0.0646072,0.913755,0.00932248,
boiling_acoustic_regimes,3ffcc0d1-f8ca-48de-8afc-bafafa5fcc06,transition,10,detected,transition,0.96,0.97,0.01,0,0,-16.0971,-240,-5.51972,10.5773,-18.0353,1,,,1,,,,,,,,536.336,590.23,781.25,0.0153372,1.71628,,,,0.0599162,0.0447834,0.169958,0.720039,0.00427886,
boiling_acoustic_regimes,ff45179f-f51e-4ba9-b767-929cae5ca117,transition,0,detected,transition,0,0.98,0.98,0.98,1,-14.7073,-14.7073,-0.0420327,14.6653,-18.2376,1,,,1,,,1.0989,0.450921,70.4901,0.262021,0.951949,794.059,732.498,937.5,0.00569849,3.62998,,,,0.000093246,0.00040202,0.138765,0.856648,0.00376484,
boiling_acoustic_regimes,83a3c5cb-4ab5-47ec-93b4-a9354299369a,transition,0,detected,transition,0,1,1,1,1,-14.5805,-14.5805,-0.140963,14.4396,-19.2845,1,,,5,5.12821,0.18,1.05263,0.977354,61.6957,0.292981,0.969188,785.623,705.895,875,0.00139796,6.28498,,,,0.00011965,0.000354603,0.103048,0.895523,0.000914626,
boiling_acoustic_regimes,d7696530-6a95-47f1-9eac-e02f50380507,transition,0,detected,transition,0,0.08,0.08,0,0,-21.8542,-240,-3.69765,18.1566,-22.8392,1,,,1,,,16.6667,0.942688,326.531,0.238005,0,366.364,362.789,531.25,0.0011557,1.67481,,,,0.0154791,0.0123467,0.793531,0.178363,0.000246173,
boiling_acoustic_regimes,d7696530-6a95-47f1-9eac-e02f50380507,transition,1,detected,transition,0.13,0.23,0.1,0,0,-22.965,-240,-5.34383,17.6212,-22.6213,2,11.1111,0.09,2,11.1111,0.09,12.5,0.769228,149.017,0.280488,0.293617,196.528,308.397,578.125,0.0163177,4.19259,,,,0.187301,0.0612184,0.560081,0.187072,0.00307133,
boiling_acoustic_regimes,d7696530-6a95-47f1-9eac-e02f50380507,transition,2,detected,transition,0.27,0.33,0.06,0.02,0.333333,-20.9901,-16.3354,-2.93401,18.0561,-23.0143,1,,,1,,,,,47.7612,0.616705,0,242.569,390.271,593.75,0.00534926,5.1748,,,,0.0245037,0.0203318,0.656098,0.297939,0.000769586,
boiling_acoustic_regimes,d7696530-6a95-47f1-9eac-e02f50380507,transition,3,detected,transition,0.38,0.45,0.07,0,0,-19.8138,-240,-1.25591,18.5579,-25.1146,1,,,1,,,,,326.531,0.19015,0,376.338,391.529,562.5,0.00118313,4.01427,,,,0.00922684,0.0108859,0.73151,0.248054,0.000286989,
boiling_acoustic_regimes,d7696530-6a95-47f1-9eac-e02f50380507,transition,4,detected,transition,0.49,0.51,0.02,0,0,-17.6897,-240,-4.24513,13.4446,-15.5617,1,,,1,,,,,,,,196.221,346.038,484.375,0.00754242,2.51163,,,,0.0281699,0.00920003,0.824556,0.135394,0.00205167,
boiling_acoustic_regimes,d7696530-6a95-47f1-9eac-e02f50380507,transition,5,detected,transition,0.56,0.59,0.03,0.02,0.666667,-25.398,-23.8194,-12.638,12.76,-30.6955,1,,,1,,,,,,,,217.935,410.028,625,0.00529286,2.32464,,,,0.0192521,0.0164766,0.519706,0.443296,0.000955842,
boiling_acoustic_regimes,d7696530-6a95-47f1-9eac-e02f50380507,transition,6,detected,transition,0.66,0.68,0.02,0.02,1,-20.1044,-20.1044,-9.04674,11.0576,-24.1645,1,,,1,,,,,,,,381.905,345.523,421.875,0.00150792,4.07365,,,,0.0167901,0.00455371,0.876342,0.101904,0.000365769,
boiling_acoustic_regimes,d7696530-6a95-47f1-9eac-e02f50380507,transition,7,detected,transition,0.74,0.77,0.03,0,0,-14.7161,-240,-0.0399686,14.6761,-15.9106,1,,,1,,,,,46.2428,0.498522,0,373.477,420.965,609.375,0.00159347,3.98375,,,,0.0030175,0.00481073,0.669338,0.322441,0.000326641,
boiling_acoustic_regimes,d7696530-6a95-47f1-9eac-e02f50380507,transition,8,detected,transition,0.8,0.81,0.01,0,0,-34.6546,-240,-29.9579,4.69666,-36.5928,1,,,1,,,,,,,,280.026,294.4,375,0.011355,1.28012,,,,0.0531017,0.0789918,0.805381,0.0589542,0.0025096,
boiling_acoustic_regimes,d7696530-6a95-47f1-9eac-e02f50380507,transition,9,detected,transition,0.84,0.9,0.06,0,0,-24.6742,-240,-6.61254,18.0616,-23.8277,2,20,0.05,2,20,0.05,,,280.702,0.239975,0,215.707,353.073,593.75,0.00569521,6.90263,,,,0.122187,0.058593,0.509908,0.307338,0.00141938,
boiling_acoustic_regimes,d7696530-6a95-47f1-9eac-e02f50380507,transition,10,detected,transition,0.93,0.98,0.05,0,0,-25.4741,-240,-9.53024,15.9438,-25.6176,1,,,1,,,,,202.532,0.491413,0,47.2345,344.876,671.875,0.0151913,1.5115,,,,0.246794,0.0341225,0.423336,0.290319,0.00391542,
boiling_acoustic_regimes,629ef987-66fa-4003-a0bf-3c51ed77be13,transition,0,detected,transition,0.01,0.02,0.01,0,0,-37.8696,-240,-31.1026,6.76701,-39.8078,1,,,1,,,,,,,,356.246,680.282,921.875,0.134649,2.0727,,,,0.00172492,0.001023,0.471841,0.474329,0.0398225,
boiling_acoustic_regimes,629ef987-66fa-4003-a0bf-3c51ed77be13,transition,1,detected,transition,0.16,0.19,0.03,0.03,1,-38.4812,-38.4812,-29.1059,9.37525,-41.9619,1,,,1,,,,,40.404,0.495983,0,666.12,532.66,703.125,0.00716382,8.52634,,,,0.0411844,0.0437438,0.320243,0.592301,0.00205129,
boiling_acoustic_regimes,629ef987-66fa-4003-a0bf-3c51ed77be13,transition,2,detected,transition,0.23,0.27,0.04,0.04,1,-38.9711,-38.9711,-30.6404,8.33064,-42.3675,1,,,1,,,,,40.7125,0.466791,0,362.956,531.401,812.5,0.0123312,3.87153,,,,0.00862517,0.0157496,0.522024,0.449667,0.00303057,
boiling_acoustic_regimes,629ef987-66fa-4003-a0bf-3c51ed77be13,transition,3,detected,transition,0.34,0.43,0.09,0,0,-21.2614,-240,-0.024205,21.2372,-26.4189,1,,,1,,,,-0.214427,400,0.159473,0,397.607,571.412,828.125,0.00118238,3.18085,,,,0.00301551,0.00614311,0.401899,0.588793,0.000124888,
boiling_acoustic_regimes,629ef987-66fa-4003-a0bf-3c51ed77be13,transition,4,detected,transition,0.71,0.74,0.03,0.03,1,-38.4457,-38.4457,-29.5351,8.91058,-41.9402,1,,,1,,,,,41.7755,0.518171,0,375.534,510.158,843.75,0.0664668,6.00855,,,,0.0733444,0.0607516,0.453834,0.390927,0.0158918,
boiling_acoustic_regimes,629ef987-66fa-4003-a0bf-3c51ed77be13,transition,5,detected,transition,0.78,0.79,0.01,0,0,-37.2664,-240,-29.8589,7.40748,-39.2046,1,,,1,,,,,,,,348.308,522.058,765.625,0.0604507,1.71475,,,,0.0100475,0.0324532,0.519978,0.421091,0.0112774,
boiling_acoustic_regimes,629ef987-66fa-4003-a0bf-3c51ed77be13,transition,6,detected,transition,0.88,0.89,0.01,0,0,-38.2156,-240,-30.1658,8.04981,-40.1538,1,,,1,,,,,,,,769.77,620.111,812.5,0.0494831,5.47392,,,,0.0277711,0.0488366,0.216833,0.693642,0.00834977,
bowel_sounds_signal,52988441,bowel_sounds_signal,0,annotation,SB,9.23615,9.39818,0.162062,0.02,0.123409,-39.6583,-30.9582,-20.3184,19.34,-40.2546,1,,,2,16.6667,0.06,8.33333,0.977251,47.619,0.349726,0,41.8098,108.876,156.25,0.00559092,1.33791,,,,0.655388,0.155137,0.173363,0.0121959,0.00128826,0.00262761
bowel_sounds_signal,52988441,bowel_sounds_signal,1,annotation,SB,12.9022,13.1048,0.202625,0.02,0.0987045,-43.4706,-34.5438,-23.3802,20.0904,-46.873,2,16.6667,0.06,2,16.6667,0.06,7.14286,0.975823,49.6894,0.330612,0,41.2417,139.248,203.125,0.00606149,1.31973,,,,0.538578,0.195341,0.231085,0.0306216,0.00206984,0.00230516
bowel_sounds_signal,52988441,bowel_sounds_signal,2,annotation,CRS,19.9711,20.4978,0.526687,0.24,0.455678,-30.6859,-27.3419,-7.85082,22.8351,-38.0092,1,,,5,12.5,0.075,4.54545,0.598816,203.83,0.280393,0.396912,213.177,284.749,500,0.000196522,3.41083,,,,0.17467,0.0496326,0.624092,0.151561,0.000022195,0.000022318
bowel_sounds_signal,52988441,bowel_sounds_signal,3,annotation,SB,20.9839,21.1864,0.202625,0.08,0.394818,-36.2899,-32.3837,-20.2977,15.9922,-40.8806,2,16.6667,0.06,3,22.2222,0.045,6.66667,0.728458,117.647,0.508119,0,196.914,220.728,359.375,0.00146628,4.20082,,,,0.120306,0.189893,0.68288,0.00583671,0.000815849,0.000268974
bowel_sounds_signal,52988441,bowel_sounds_signal,4,annotation,SB,21.9358,22.2397,0.303875,0.15,0.493624,-24.0392,-20.9785,-3.10863,20.9305,-41.0458,2,14.2857,0.07,4,27.2727,0.03,4,0.999809,36.6133,0.788834,0.0332941,322.635,239.758,343.75,0.000039184,4.12972,0.105081,0.315243,46.2561,0.249692,0.0293664,0.707543,0.0133892,0.000004433,0.000005275
bowel_sounds_signal,52988441,bowel_sounds_signal,5,annotation,SB,22.9283,23.0701,0.141813,0.02,0.141031,-40.5757,-32.9747,-22.5028,18.0729,-41.3317,1,,,2,25,0.04,7.69231,0.990865,320,0.498842,0,149.678,100.02,171.875,0.00193863,3.19313,,,,0.718944,0.0643508,0.206973,0.00832846,0.000567813,0.000835211
bowel_sounds_signal,52988441,bowel_sounds_signal,6,annotation,CRS,23.779,24.2044,0.425375,0.16,0.376139,-35.8442,-32.0739,-21.3504,14.4939,-39.2262,2,20,0.05,5,12.1212,0.08,2.5641,0.995649,76.555,0.421259,0.193554,73.0271,97.6236,109.375,0.000297121,1.16843,,,,0.66214,0.227646,0.100337,0.00977704,0.000040606,0.000059763
bowel_sounds_signal,52988441,bowel_sounds_signal,7,annotation,SB,24.3867,24.5892,0.202625,0.09,0.44417,-22.8022,-19.2841,-3.9262,18.876,-38.6127,1,,,1,,,7.14286,0.976024,67.2269,0.531924,0,206.143,184.126,281.25,0.000021567,3.29828,,,,0.136091,0.279233,0.582954,0.00171604,0.00000222,0.000003626
bowel_sounds_signal,52988441,bowel_sounds_signal,8,annotation,SB,27.2021,27.3641,0.162062,0.06,0.370228,-40.449,-36.4832,-21.3913,19.0577,-40.1839,2,16.6667,0.06,3,18.1818,0.055,7.14286,0.968573,,,,62.7277,130.78,203.125,0.00174379,2.00729,,,,0.510893,0.19114,0.286403,0.00962006,0.00117024,0.000774356
bowel_sounds_signal,52988441,bowel_sounds_signal,9,annotation,MB,28.7414,29.187,0.445688,0.21,0.471182,-35.5635,-32.7009,-16.2215,19.3421,-36.4631,3,4.7619,0.21,8,16.6667,0.06,2.38095,0.902267,320,0.58788,0.439023,328.226,288.018,359.375,0.000325095,3.50108,,,,0.0343832,0.00608665,0.957208,0.00220774,0.000049536,0.000064584
bowel_sounds_signal,52988441,bowel_sounds_signal,10,annotation,CRS,30.0377,30.9694,0.931813,0.54,0.579516,-22.0521,-19.706,-2.94721,19.1048,-35.5563,4,8.82353,0.12,10,10.7143,0.08,1.31579,0.931499,176.19,0.391731,0.831445,324.878,196.159,328.125,0.000017875,4.15844,,,,0.258546,0.174944,0.562839,0.00366591,0.000003658,0.000001895
bowel_sounds_signal,52988441,bowel_sounds_signal,11,annotation,SB,31.9822,32.1037,0.121625,0.02,0.16444,-45.7565,-39.2597,-26.9147,18.8418,-45.2484,2,20,0.05,2,14.2857,0.07,9.09091,0.996945,37.2093,0.336509,0,152.491,115.368,156.25,0.00218506,4.8797,,,,0.624516,0.0982834,0.252946,0.0229024,0.000331971,0.00102059
bowel_sounds_signal,52988441,bowel_sounds_signal,12,annotation,CRS,32.6303,33.7848,1.15456,0.37,0.320468,-25.4574,-20.635,-2.72195,22.7354,-34.3876,2,4.54545,0.22,15,13.8614,0.06,0.925926,0.999107,57.554,0.309972,0.455093,118.202,204.896,343.75,0.000016642,2.52163,,,,0.195113,0.26705,0.504523,0.03331,0.000002908,0.000001324
bowel_sounds_signal,52988441,bowel_sounds_signal,13,annotation,CRS,34.8989,35.547,0.64825,0.32,0.493637,-19.4866,-16.4251,-0.431541,19.0551,-37.3826,4,4.91803,0.13,6,8.33333,0.07,1.85185,0.999958,42.4403,0.402148,1.11713,346.157,252.388,343.75,0.000004494,7.38468,,,,0.0652392,0.119615,0.813548,0.00159539,0.000002036,3.04e-7
bowel_sounds_signal,52988441,bowel_sounds_signal,14,annotation,CRS,36.5395,37.2281,0.68875,0.25,0.362976,-26.4953,-22.1227,-11.7332,14.762,-38.7604,3,5,0.2,7,10.7143,0.055,1.5625,0.999592,266.667,0.634172,0.615093,278.269,306.253,375,0.000012713,4.4523,,,,0.00388948,0.0233501,0.954406,0.0183516,0.000001482,0.000001344
bowel_sounds_signal,52988441,bowel_sounds_signal,15,annotation,CRS,37.775,38.3219,0.546937,0.24,0.438807,-21.5658,-17.9968,-0.44928,21.1166,-38.1228,4,11.1111,0.09,6,10.2041,0.06,2.12766,0.910273,72.7273,0.640223,0.251132,220.112,270.65,343.75,0.000066064,2.34787,,,,0.0920545,0.100432,0.693383,0.114057,0.000069554,0.000004066
bowel_sounds_signal,52988441,bowel_sounds_signal,16,annotation,MB,38.3219,39.0308,0.709,0.31,0.437236,-29.5339,-26.1861,-10.9553,18.5785,-33.5708,3,2.98507,0.335,10,13.6364,0.05,1.47059,0.991832,285.714,0.295274,0.592555,117.682,178.672,359.375,0.000178945,2.51055,,,,0.400061,0.20803,0.318105,0.0737474,0.000025138,0.000030795
bowel_sounds_signal,52988441,bowel_sounds_signal,17,annotation,CRS,40.955,43.4058,2.45087,1.1,0.448819,-22.2181,-18.7472,0.0795477,22.2976,-38.8088,10,4.16667,0.21,28,12.1076,0.07,0.980392,0.306261,89.6889,0.348655,0.809659,407.81,318.994,437.5,0.000022576,6.52496,0.0557666,0.1673,31.0289,0.0249514,0.0450537,0.909506,0.0204815,0.000005144,0.000002357
bowel_sounds_signal,52988441,bowel_sounds_signal,18,annotation,SB,44.297,44.4996,0.202625,0.112625,0.55583,-34.0006,-31.5274,-14.2247,19.7759,-38.6115,1,,,2,33.3333,0.03,6.25,0.823735,330.776,0.431889,0.0515464,341.031,211.45,343.75,0.000229345,4.3652,,,,0.323714,0.0448575,0.63047,0.000867136,0.000039099,0.000052396
bowel_sounds_signal,52988441,bowel_sounds_signal,19,annotation,SB,44.7831,44.9857,0.202625,0.05,0.246761,-30.1869,-24.2197,-13.6533,16.5337,-37.1152,2,9.09091,0.11,3,22.2222,0.045,,-0.385014,45.584,0.432968,0,272.287,256.049,343.75,0.000008486,4.35659,,,,0.0452014,0.0783146,0.868407,0.00807434,0.000001319,0.000001535
bowel_sounds_signal,52988441,bowel_sounds_signal,20,annotation,SB,44.9857,45.249,0.263375,0.03,0.113906,-43.9794,-35.9702,-24.2239,19.7556,-43.7824,3,7.69231,0.13,4,11.5385,0.08,6.25,0.443329,333.333,0.427372,0,338.593,160.753,343.75,0.00237965,7.22332,,,,0.571858,0.0278054,0.391429,0.00718608,0.000906077,0.000815911
bowel_sounds_signal,52988441,bowel_sounds_signal,21,annotation,CRS,47.234,48.5505,1.31662,0.84,0.637995,-19.0977,-17.1509,-0.109317,18.9884,-34.2252,3,1.73913,0.575,14,11.3043,0.07,0.819672,0.999916,108.187,0.291445,0.825702,438.015,350.925,484.375,0.000012451,3.50412,,,,0.0311979,0.0378072,0.810043,0.12095,0.000001533,9.46e-7
bowel_sounds_signal,52988441,bowel_sounds_signal,22,annotation,SB,48.9961,49.1784,0.182312,0,0,-43.1563,-240,-30.813,12.3433,-39.322,1,,,3,18.1818,0.055,6.25,0.980007,313.725,0.693637,0.0160128,310.163,197.606,328.125,0.00137036,4.9626,,,,0.397079,0.0184959,0.580229,0.00363433,0.000219013,0.000342201
bowel_sounds_signal,52988441,bowel_sounds_signal,23,annotation,SB,49.1784,49.4012,0.222875,0.07,0.314077,-44.0969,-40.3114,-31.0113,13.0856,-41.2227,2,12.5,0.08,3,18.1818,0.055,,-0.196463,44.4444,0.438876,0,40.8858,204.76,359.375,0.000418541,1.30835,,,,0.367255,0.0402778,0.591047,0.00116913,0.000118234,0.000132693
bowel_sounds_signal,52988441,bowel_sounds_signal,24,annotation,SB,50.0167,50.1372,0.1205,0.02,0.165975,-34.8883,-27.8939,-17.6529,17.2355,-36.3224,1,,,1,,,11.1111,0.946322,63.2411,0.270501,0,63.2206,257.022,375,0.000276629,2.02306,,,,0.198812,0.0206474,0.74514,0.0350161,0.000328953,0.000055285
bowel_sounds_signal,52988441,bowel_sounds_signal,25,annotation,SB,50.1974,50.3178,0.1205,0.12,0.995851,-40.8025,-40.7865,-25.3313,15.4712,-45.2662,1,,,2,25,0.04,,-0.0924225,333.333,0.566126,0,367.653,142.678,343.75,0.000849824,4.70596,,,,0.646859,0.0327536,0.274576,0.0454796,0.000158315,0.000174108
bowel_sounds_signal,52988441,bowel_sounds_signal,26,annotation,MB,52.4254,54.6776,2.25219,0.53,0.235327,-38.9759,-33.1587,-11.1104,27.8656,-40.4478,15,6.30631,0.105,30,13.1818,0.07,1.03093,0.414928,45.4545,0.428492,1.1287,499.661,450.983,640.625,0.000397647,7.99457,,,,0.063241,0.0372572,0.453044,0.445948,0.000488892,0.000021092
bowel_sounds_signal,52988441,bowel_sounds_signal,27,annotation,SB,55.1111,55.2436,0.1325,0.02,0.150943,-37.1481,-29.2473,-18.5854,18.5627,-40.1241,1,,,3,18.1818,0.055,,-0.325149,,,,64.5386,100.866,187.5,0.0012246,2.06523,,,,0.68994,0.106428,0.194589,0.00810373,0.000539887,0.000399508
bowel_sounds_signal,52988441,bowel_sounds_signal,28,annotation,MB,55.4122,57.9414,2.52919,0.57,0.225369,-36.1778,-30.0027,-8.43158,27.7462,-40.1304,10,4.05405,0.11,31,12.5523,0.075,0.625,0.752856,421.053,0.43911,0.615255,87.8721,153.532,375,0.000344707,0.937303,,,,0.534257,0.125329,0.307844,0.0324362,0.000090186,0.000043323
bowel_sounds_signal,52988441,bowel_sounds_signal,29,annotation,SB,58.5435,58.6279,0.084375,0.02,0.237037,-38.6565,-33.4799,-24.4827,14.1738,-39.0319,1,,,1,,,14.2857,0.930177,380.952,0.548333,0,320.479,94.4347,296.875,0.000539223,6.83689,,,,0.790303,0.0245748,0.181444,0.00325268,0.000280216,0.000146
bowel_sounds_signal,52988441,bowel_sounds_signal,30,annotation,SB,59.2662,59.3625,0.0964375,0,0,-41.4346,-240,-24.1774,17.2572,-42.4895,1,,,1,,,12.5,0.990402,,,,49.9042,140.049,234.375,0.000667596,0.532311,,,,0.371841,0.284325,0.326818,0.0167451,0.000157525,0.000112795
bowel_sounds_signal,52988441,bowel_sounds_signal,31,annotation,MB,60.6391,61.9759,1.33694,0.41,0.306671,-34.7902,-29.9349,-15.3063,19.4838,-38.8403,9,6.15385,0.145,17,12.3077,0.075,0.769231,0.998736,68.3761,0.33308,0.773476,329.881,216.97,328.125,0.000118594,7.03747,0.0510576,0.153173,22.9801,0.130209,0.222152,0.645359,0.0022348,0.000027891,0.000016722
bowel_sounds_signal,52988441,bowel_sounds_signal,32,annotation,SB,63.3971,63.4934,0.096375,0.02,0.207523,-42.1593,-35.9667,-25.1212,17.0381,-41.4381,1,,,1,,,12.5,0.995265,42.8954,0.279686,0,59.4317,164.094,218.75,0.00914862,1.26788,,,,0.462991,0.239969,0.26439,0.0245136,0.00437048,0.00376576
bowel_sounds_signal,52988441,bowel_sounds_signal,33,annotation,SB,63.7825,63.927,0.144563,0.02,0.138348,-38.6055,-30.4797,-18.6428,19.9627,-42.6812,1,,,2,12.5,0.08,,-0.127815,421.053,0.379596,0,442.053,394.174,453.125,0.00161233,7.07285,,,,0.0303044,0.0513454,0.896702,0.0122709,0.00909786,0.000279018
bowel_sounds_signal,52988441,bowel_sounds_signal,34,annotation,MB,65.047,66.1671,1.12013,0.25,0.223189,-35.0256,-28.9431,-6.49745,28.5282,-40.4626,6,4.6729,0.13,15,13.0841,0.06,0.934579,0.996268,46.7836,0.249429,1.0105,41.7258,111.409,218.75,0.000156602,1.33523,,,,0.747681,0.0722545,0.153384,0.0266338,0.000021061,0.000025764
bowel_sounds_signal,52988441,bowel_sounds_signal,35,annotation,SB,76.4402,76.5606,0.1205,0.02,0.165975,-41.3562,-35.3389,-28.2862,13.07,-39.7926,1,,,2,25,0.04,9.09091,0.895242,170.213,0.37984,0,42.4695,76.479,156.25,0.000464326,1.35902,,,,0.741171,0.108032,0.147621,0.00288061,0.000129425,0.000166798
bowel_sounds_signal,52988441,bowel_sounds_signal,36,annotation,SB,76.9099,77.0544,0.144563,0.02,0.138348,-41.4928,-35.7195,-26.9789,14.5139,-37.8334,1,,,2,33.3333,0.03,7.69231,0.979839,47.4777,0.512273,0,46.2193,166.906,390.625,0.000743857,1.47902,,,,0.518368,0.0701769,0.30468,0.105897,0.000700255,0.000177566
bowel_sounds_signal,52988441,bowel_sounds_signal,37,annotation,SB,77.199,77.3676,0.168687,0.02,0.118562,-37.0544,-30.5918,-19.2003,17.8542,-33.2104,2,16.6667,0.06,2,16.6667,0.06,8.33333,0.976547,484.848,0.605223,0,44.1517,245.609,484.375,0.000163395,1.41286,,,,0.482125,0.0345769,0.363292,0.119918,0.000035314,0.000052858
bowel_sounds_signal,52988441,bowel_sounds_signal,38,annotation,CRS,79.4029,79.6197,0.216875,0.12,0.553314,-27.6639,-25.1508,-12.3094,15.3545,-32.2497,2,5,0.2,2,5.55556,0.18,5,0.999904,470.588,0.670586,0,465.244,422.26,484.375,0.000018137,14.8878,,,,0.0107264,0.0317637,0.861504,0.0960009,0.000001886,0.000002695
bowel_sounds_signal,52988441,bowel_sounds_signal,39,annotation,SB,79.6679,79.7763,0.108438,0.02,0.184438,-34.6744,-27.8409,-16.5391,18.1353,-34.8841,1,,,1,,,,-0.228709,,,,94.2742,108.067,187.5,0.000302471,2.01118,,,,0.659056,0.107682,0.215537,0.0175643,0.000063229,0.000097089
bowel_sounds_signal,52988441,bowel_sounds_signal,40,annotation,SB,80.4627,80.535,0.0723125,0,0,-39.4103,-240,-23.7295,15.6808,-38.246,1,,,1,,,,-0.704445,50.3145,0.446128,0,45.9013,155.859,265.625,0.0054909,1.46884,,,,0.472304,0.129991,0.364306,0.0265405,0.00575288,0.00110526
bowel_sounds_signal,52988441,bowel_sounds_signal,41,annotation,CRS,82.462,83.6543,1.19237,0.24,0.201279,-38.8957,-34.8442,-23.8775,15.0182,-35.1244,6,4.7619,0.2,15,13.4615,0.055,0.877193,0.989146,48.048,0.433488,0.686254,44.8684,108.999,171.875,0.000187199,1.43579,,,,0.476567,0.218271,0.304063,0.00100456,0.000060832,0.000034414
bowel_sounds_signal,52988441,bowel_sounds_signal,42,annotation,CRS,83.9072,85.0875,1.18031,0.51,0.432089,-29.6771,-26.2538,-9.34562,20.3315,-32.4595,5,3.44828,0.135,12,9.48276,0.08,0.892857,0.991937,53.5479,0.32675,0.72496,187.938,233.925,484.375,0.000020439,2.00467,,,,0.14223,0.178101,0.56067,0.118994,0.000001531,0.000002755
bowel_sounds_signal,52988441,bowel_sounds_signal,43,annotation,SB,85.1477,85.2199,0.072375,0.03,0.414508,-32.3507,-28.7525,-21.1349,11.2158,-34.4017,1,,,1,,,,-0.847486,166.667,0.657787,0,156.127,149.223,203.125,0.000047201,4.99608,,,,0.135128,0.256284,0.604208,0.00435467,0.00000991,0.000015951
bowel_sounds_signal,52988441,bowel_sounds_signal,44,annotation,SB,85.5451,85.6294,0.084375,0.084375,1,-43.4804,-43.4804,-22.3391,21.1413,-48.6085,1,,,2,33.3333,0.03,,-0.308773,,,,149.659,492.857,640.625,0.151674,3.19273,,,,0.71819,0.0396341,0.0708598,0.0733104,0.043186,0.0548196
bowel_sounds_signal,52988441,bowel_sounds_signal,45,annotation,MB,86.6652,88.4356,1.77044,0.22,0.124263,-34.1669,-25.514,-8.60514,25.5618,-36.0663,11,5.81395,0.13,24,13.4503,0.06,0.578035,0.989379,435.294,0.39997,0.515593,425.836,235.082,468.75,0.000394795,2.47759,,,,0.429758,0.0582534,0.399901,0.111943,0.000009357,0.000135546
bowel_sounds_signal,52988441,bowel_sounds_signal,46,annotation,CRS,88.7728,89.4231,0.650438,0.22,0.338234,-22.8543,-18.199,-0.411814,22.4425,-33.5629,3,3.63636,0.275,9,14.5455,0.055,,0.0487328,333.333,0.423257,0.560565,337.119,310.502,359.375,0.000003989,5.3939,,,,0.0143304,0.0459109,0.9362,0.00355764,6.76e-7,3.29e-7
bowel_sounds_signal,52988441,bowel_sounds_signal,47,annotation,SB,89.664,89.7603,0.0964375,0,0,-41.6875,-240,-28.4826,13.2049,-37.5844,1,,,2,33.3333,0.03,12.5,0.251547,340.426,0.468078,0,148.522,105.916,250,0.000277325,3.16847,,,,0.68362,0.0660692,0.247311,0.00289819,0.000034567,0.00006664
bowel_sounds_signal,52988441,bowel_sounds_signal,48,annotation,SB,89.9049,90.0133,0.1085,0.0485,0.447005,-28.3257,-24.8685,-9.42442,18.9013,-36.1945,1,,,2,25,0.04,12.5,0.96569,340.426,0.294852,0,62.0827,147.792,281.25,0.00195498,1.98665,,,,0.547915,0.0816302,0.344017,0.0256391,0.000430571,0.000368468
bowel_sounds_signal,52988441,bowel_sounds_signal,49,annotation,SB,90.1939,90.2903,0.0964375,0,0,-40.3931,-240,-27.9715,12.4216,-38.877,2,16.6667,0.06,2,20,0.05,12.5,0.999974,49.0802,0.253773,0.00306748,53.8984,101.704,156.25,0.000358546,0.862375,,,,0.614147,0.199562,0.182474,0.00365588,0.000085225,0.000075688
bowel_sounds_signal,52988441,bowel_sounds_signal,50,annotation,SB,91.326,91.4103,0.0843125,0,0,-39.646,-240,-26.1425,13.5034,-37.641,1,,,1,,,16.6667,0.210309,380.952,0.440495,0,39.7991,191.187,359.375,0.000170081,0.849047,,,,0.435969,0.0674547,0.469895,0.0266151,0.000031017,0.000035041
bowel_sounds_signal,52988441,bowel_sounds_signal,51,annotation,SB,92.2052,92.2895,0.084375,0.02,0.237037,-29.6979,-25.5868,-19.502,10.1959,-28.0968,1,,,1,,,14.2857,0.880244,40.7125,0.873829,0,42.0859,72.4213,125,0.000245961,1.34675,,,,0.824077,0.0458818,0.125886,0.00404247,0.00005891,0.000053842
bowel_sounds_signal,52988441,bowel_sounds_signal,52,annotation,SB,92.5183,92.6387,0.120438,0.02,0.166061,-36.3042,-29.6963,-21.0669,15.2374,-34.1791,1,,,3,20,0.05,10,0.393156,,,,59.8661,93.9791,156.25,0.00029444,1.27714,,,,0.737787,0.0396391,0.219244,0.00315218,0.000071894,0.00010492
bowel_sounds_signal,52988441,bowel_sounds_signal,53,annotation,SB,92.7351,92.8435,0.108438,0.04,0.368876,-24.1256,-19.8329,-9.97154,14.154,-33.9769,1,,,1,,,11.1111,0.999069,37.8251,0.593643,0,256.943,210.17,265.625,0.000006477,4.11108,,,,0.0405752,0.242861,0.715176,0.00138468,9.49e-7,0.000001563
bowel_sounds_signal,52988441,bowel_sounds_signal,54,annotation,CRS,93.0001,93.7227,0.722688,0.41,0.567327,-29.0637,-26.7607,-10.4391,18.6246,-32.4453,3,3.38983,0.295,7,10.1695,0.1,8.33333,0.341493,58.6081,0.386185,1.00305,263.618,236.465,312.5,0.000024104,3.37431,0.0704864,0.211459,25.3521,0.0703689,0.0953558,0.833246,0.0010238,0.000002075,0.000003789
bowel_sounds_signal,52988441,bowel_sounds_signal,55,annotation,HS,94.9993,95.4088,0.409562,0.25,0.610407,-16.8966,-14.7673,-3.40403,13.4926,-30.3391,1,,,2,33.3333,0.03,2.63158,0.999977,63.7561,0.731259,0.399278,327.77,264.469,343.75,0.000002063,5.24432,,,,0.0154586,0.0384133,0.943899,0.00222876,1.88e-7,2.31e-7
bowel_sounds_signal,52988441,bowel_sounds_signal,56,annotation,MB,95.6135,97.3719,1.75844,0.228437,0.129909,-43.9481,-39.3081,-27.7614,16.1868,-41.1133,17,9.14286,0.08,27,14.8571,0.055,0.588235,0.902532,49.5356,0.472007,1.20377,149.679,62.7973,78.125,0.000298083,3.19314,,,,0.86277,0.0506887,0.085102,0.00131322,0.000059801,0.000065824
bowel_sounds_signal,52988441,bowel_sounds_signal,57,annotation,SB,98.1426,98.251,0.108438,0.03,0.276657,-33.8028,-31.0787,-23.7497,10.0531,-30.9881,1,,,2,33.3333,0.03,11.1111,0.998781,290.909,0.44487,0,287.559,122.101,281.25,0.000059458,6.13458,,,,0.586164,0.0784873,0.33384,0.0014821,0.00001382,0.000013077
bowel_sounds_signal,52988441,bowel_sounds_signal,58,annotation,SB,98.251,98.4076,0.156625,0.08,0.510774,-25.9803,-23.2235,-7.21312,18.7672,-27.607,1,,,3,16.6667,0.06,,-0.50644,43.5967,0.329269,0,126.672,242.45,343.75,0.000025558,4.05351,,,,0.0807312,0.191396,0.703798,0.0240695,0.000002855,0.000002997
bowel_sounds_signal,52988441,bowel_sounds_signal,59,annotation,SB,99.1422,99.2266,0.084375,0.054375,0.644444,-29.0819,-27.201,-14.1025,14.9794,-33.8151,1,,,1,,,14.2857,0.999447,,,,56.6809,55.196,78.125,0.000131342,1.20919,,,,0.884434,0.0762148,0.0367607,0.00251757,0.000035633,0.000037012
bowel_sounds_signal,52988441,bowel_sounds_signal,60,annotation,SB,99.2988,99.3952,0.096375,0,0,-41.0879,-240,-24.8811,16.2068,-36.7811,1,,,1,,,12.5,0.999542,50.7143,0.262383,0.00475436,53.3422,254.519,437.5,0.00696601,1.13797,,,,0.387989,0.0690068,0.426228,0.108881,0.00458428,0.00331026
bowel_sounds_signal,52988441,bowel_sounds_signal,61,annotation,SB,101.431,101.599,0.168687,0.06,0.355687,-35.6983,-31.5262,-21.3676,14.3307,-37.8365,1,,,2,20,0.05,6.66667,0.992889,,,,62.5563,108.173,203.125,0.000078052,2.0018,,,,0.617885,0.204508,0.156205,0.0213732,0.000013309,0.000016083
bowel_sounds_signal,52988441,bowel_sounds_signal,62,annotation,SB,101.828,101.96,0.1325,0.06,0.45283,-33.7813,-30.4163,-21.8722,11.9091,-37.9819,1,,,1,,,8.33333,0.945221,35.2423,0.569305,0,141.268,39.2032,46.875,0.000025323,4.52057,,,,0.982258,0.0122892,0.00510355,0.000335157,0.000006548,0.000007414
bowel_sounds_signal,52988441,bowel_sounds_signal,63,annotation,SB,102.117,102.225,0.1085,0.02,0.184332,-40.7302,-34.4542,-22.5325,18.1977,-36.8149,1,,,1,,,11.1111,0.986184,47.3373,0.315029,0,49.2097,104.717,156.25,0.00110885,1.57471,,,,0.653923,0.123616,0.208411,0.013378,0.000329433,0.000343144
bowel_sounds_signal,52988441,bowel_sounds_signal,64,annotation,SB,104.742,104.827,0.084375,0.04,0.474074,-28.3718,-25.1883,-14.5553,13.8164,-35.6136,1,,,1,,,14.2857,0.108627,432.432,0.466836,0,134.659,52.8614,46.875,0.00101896,2.87272,,,,0.947296,0.0203384,0.0301129,0.00171703,0.000307218,0.000228798
bowel_sounds_signal,52988441,bowel_sounds_signal,65,annotation,CRS,104.947,105.321,0.373437,0.293438,0.785774,-15.2475,-14.2047,-2.39834,12.8492,-23.8306,1,,,3,13.3333,0.075,,-0.935855,340.426,0.563544,0.270413,330.97,369.038,468.75,0.000003604,5.29552,,,,0.00131926,0.0026393,0.88374,0.112298,0.000003022,1.63e-7
bowel_sounds_signal,52988441,bowel_sounds_signal,66,annotation,HS,105.321,105.513,0.19275,0.18,0.933852,-12.1169,-11.8718,-5.88293,6.23397,-18.12,1,,,1,,,5.55556,0.94368,316.863,0.957205,0.0221497,317.112,318.511,328.125,0.000005328,6.76506,,,,0.000204903,0.000110816,0.988609,0.0110697,0.000004516,0.00000119
bowel_sounds_signal,52988441,bowel_sounds_signal,67,annotation,MB,105.513,106.14,0.626313,0.39,0.622692,-26.6207,-24.6063,-10.1387,16.4819,-34.2175,4,8.33333,0.1,8,12.7273,0.09,2.12766,0.339546,55.3633,0.382975,0.873701,304.866,244.186,328.125,0.000016691,3.90229,,,,0.0711176,0.136112,0.786151,0.00661562,0.000001506,0.000002103
bowel_sounds_signal,52988441,bowel_sounds_signal,68,annotation,CRS,110.487,110.788,0.301187,0.12,0.398423,-36.2133,-33.1976,-23.2586,12.9547,-34.4689,1,,,3,13.3333,0.075,11.1111,0.119073,349.312,0.590682,0.0652174,355.403,217.067,390.625,0.000092425,3.79096,,,,0.388107,0.0116207,0.599344,0.000887417,0.000023906,0.000016828
bowel_sounds_signal,52988441,bowel_sounds_signal,69,annotation,CRS,111.475,112.173,0.698625,0.4,0.572553,-21.864,-19.4808,-3.60327,18.2607,-32.597,3,5.12821,0.195,10,14.5161,0.06,1.96078,0.891866,111.111,0.372087,0.857536,328.749,319.014,453.125,0.000008501,4.20798,,,,0.0294527,0.0944228,0.814126,0.0619961,0.000001388,6.85e-7
bowel_sounds_signal,52988441,bowel_sounds_signal,70,annotation,MB,112.234,112.691,0.45775,0.22,0.480612,-26.9023,-23.7814,-5.52087,21.3814,-33.8194,3,5.12821,0.195,7,15.3846,0.045,4.7619,0.511228,177.871,0.281232,0.597481,218.788,189.969,296.875,0.000033795,2.80048,,,,0.255929,0.106882,0.63093,0.00625034,0.000005427,0.00000381
bowel_sounds_signal,52988441,bowel_sounds_signal,71,annotation,MB,115.461,117.208,1.74638,0.19,0.108797,-40.1139,-31.7447,-15.8666,24.2472,-39.1138,13,7.22892,0.1,23,13.0952,0.08,0.595238,0.983905,205.128,0.443096,0.50303,373.919,251.191,375,0.000237994,5.98271,,,,0.165271,0.0617429,0.771142,0.0017538,0.000051992,0.000038475
bowel_sounds_signal,52988441,bowel_sounds_signal,72,annotation,CRS,117.966,119.616,1.65,1.26,0.763636,-22.2649,-21.1015,-1.41313,20.8517,-33.747,6,3.62319,0.18,23,15.493,0.05,0.729927,0.895705,372.093,0.523838,0.500959,402.484,298.134,421.875,0.000019205,2.86211,,,,0.0573321,0.0750282,0.822315,0.0453186,0.000004641,0.000001525
bowel_sounds_signal,52988441,bowel_sounds_signal,73,annotation,SB,119.785,119.917,0.132562,0,0,-40.8514,-240,-19.0543,21.7971,-38.6276,3,18.1818,0.055,3,18.1818,0.055,12.5,0.817826,37.0378,0.146442,0.00462963,77.303,295.232,515.625,0.00974253,0.989478,,,,0.219694,0.15094,0.45807,0.164053,0.00560646,0.00163739
bowel_sounds_signal,52988441,bowel_sounds_signal,74,annotation,SB,120.279,120.399,0.1205,0.04,0.33195,-32.3687,-28.2847,-17.7875,14.5812,-32.2553,1,,,2,20,0.05,9.09091,0.988174,340.426,0.342321,0,354.204,267.217,359.375,0.000016653,4.53382,,,,0.130705,0.0742679,0.783094,0.0119267,0.000003365,0.000003482
bowel_sounds_signal,52988441,bowel_sounds_signal,75,annotation,SB,120.604,120.76,0.156625,0.04,0.255387,-33.6085,-28.09,-18.6684,14.9401,-36.2303,1,,,1,,,8.33333,0.982933,326.531,0.280372,0,271.073,238.655,375,0.00001299,5.78288,,,,0.231892,0.0598679,0.704888,0.00334581,0.000002826,0.000003397
bowel_sounds_signal,52988441,bowel_sounds_signal,76,annotation,SB,120.917,121.037,0.1205,0.06,0.497925,-41.9267,-40.9153,-28.8473,13.0794,-38.2004,2,20,0.05,2,20,0.05,16.6667,0.302846,347.826,0.398875,0,57.8829,140.305,250,0.0014676,1.85225,,,,0.565723,0.149813,0.255368,0.0277537,0.00104881,0.00029391
bowel_sounds_signal,52988441,bowel_sounds_signal,77,annotation,SB,125.686,125.795,0.108438,0.03,0.276657,-35.529,-30.3886,-22.7383,12.7908,-34.9173,1,,,1,,,11.1111,0.997482,390.244,0.733303,0,398.687,360.722,406.25,0.000079503,8.50532,,,,0.0486421,0.0133602,0.937629,0.000306246,0.000043911,0.000018283
bowel_sounds_signal,52988441,bowel_sounds_signal,78,annotation,MB,126.216,127.396,1.18031,0.34,0.288059,-28.6269,-23.389,-5.67268,22.9542,-35.9943,6,4.31034,0.08,17,13.7931,0.07,0.877193,0.999665,72.1251,0.251771,0.390659,122.9,255.726,406.25,0.00002651,1.9664,,,,0.105516,0.173079,0.688323,0.0330755,0.000003992,0.000002672
bowel_sounds_signal,52988441,bowel_sounds_signal,79,annotation,SB,128.938,129.058,0.1205,0.03,0.248963,-35.1658,-29.357,-19.6992,15.4667,-38.3523,1,,,2,33.3333,0.03,9.09091,0.999828,52.6316,0.724063,0,319.188,287.31,359.375,0.00013771,6.80933,,,,0.0765718,0.0286047,0.885204,0.00951806,0.000072057,0.000029868
bowel_sounds_signal,52988441,bowel_sounds_signal,80,annotation,SB,130.01,130.19,0.18075,0.06,0.33195,-31.7411,-27.9487,-17.0731,14.6681,-31.636,1,,,1,,,6.66667,0.994399,390.244,0.33144,0,63.9198,140.857,296.875,0.000020199,2.04543,,,,0.417679,0.30192,0.276673,0.00371632,0.0000074,0.000004517
bowel_sounds_signal,52988441,bowel_sounds_signal,81,annotation,MB,131.286,132.948,1.66206,0.2,0.120332,-43.9704,-38.3696,-24.2722,19.6982,-40.836,14,8.02469,0.12,26,15.4321,0.06,0.746269,0.608774,37.4707,0.308579,0.016557,149.791,72.8074,140.625,0.000531182,3.19553,,,,0.785004,0.0901097,0.119617,0.00500027,0.000168879,0.000100112
bowel_sounds_signal,52988441,bowel_sounds_signal,82,annotation,MB,134.008,135.189,1.18031,0.38,0.321949,-26.8791,-22.1019,-2.05636,24.8227,-34.2119,6,4.9505,0.12,14,13.1313,0.06,0.877193,0.999746,347.826,0.467296,0.0455792,343.863,318.326,406.25,0.000010052,3.66787,,,,0.0712632,0.0250845,0.878342,0.0253078,0.0000015,8.84e-7
bowel_sounds_signal,52988441,bowel_sounds_signal,83,annotation,SB,145.811,145.955,0.144563,0.07,0.48422,-37.598,-34.9876,-25.0725,12.5255,-36.954,1,,,2,33.3333,0.03,7.69231,0.93896,390.244,0.587997,0,40.923,183.945,375,0.000233929,1.30954,,,,0.451432,0.0104865,0.533414,0.00453827,0.000035714,0.000094197
bowel_sounds_signal,52988441,bowel_sounds_signal,84,annotation,MB,146.774,148.22,1.44531,0.54,0.373622,-30.4331,-26.2376,-5.94426,24.4889,-39.1491,3,1.66667,0.6,17,12.2137,0.055,0.787402,0.622186,60.6061,0.345176,0.852087,206.18,160.593,296.875,0.000043611,1.31955,0.0478992,0.143698,13.4744,0.396096,0.166869,0.422708,0.0143177,0.000005185,0.000004688
bowel_sounds_signal,52988441,bowel_sounds_signal,85,annotation,MB,149.207,150.652,1.44531,0.5,0.345946,-28.9863,-24.4415,-6.33825,22.6481,-38.5848,6,3.78788,0.19,16,11.3636,0.08,0.719424,0.997171,90.404,0.362955,0.716433,238.413,225.998,328.125,0.000031605,5.08615,0.0738401,0.22152,24.0191,0.124997,0.18127,0.686224,0.00750135,0.00000412,0.000003763
bowel_sounds_signal,52988441,bowel_sounds_signal,86,annotation,MB,153.422,157.385,3.96238,0.87,0.219565,-31.3364,-24.8164,-5.54134,25.7951,-41.9864,20,5.33708,0.13,57,14.1772,0.06,4.7619,0.405342,275.862,0.502018,0.402506,287.137,286.338,343.75,0.00004145,4.59419,,,,0.0591969,0.0463733,0.881121,0.0132891,0.000016558,0.000003448
bowel_sounds_signal,52988441,bowel_sounds_signal,87,annotation,MB,158.469,160.07,1.60187,0.29,0.181038,-35.5169,-28.3511,-9.71988,25.7971,-41.9167,9,5.19481,0.165,21,12.9032,0.065,0.645161,0.98185,165.257,0.19864,0.798172,39.9395,115.261,218.75,0.00186617,1.27806,0.0601499,0.18045,3.27772,0.623168,0.140068,0.224609,0.0104822,0.00134489,0.000328409
bowel_sounds_signal,52988441,bowel_sounds_signal,88,annotation,SB,162.094,162.178,0.084375,0,0,-37.5482,-240,-21.8823,15.6659,-37.3927,1,,,1,,,,-0.490378,355.556,0.611818,0,352.024,242.08,375,0.00096418,4.5059,,,,0.343476,0.00849764,0.637378,0.00947647,0.00103122,0.000140775
bowel_sounds_signal,52988441,bowel_sounds_signal,89,annotation,CRS,165.815,166.49,0.6745,0.38,0.56338,-18.3008,-15.812,-4.57455,13.7262,-38.4638,3,3.125,0.32,8,10.9375,0.06,1.5625,0.999974,172.043,0.492796,0.489895,348.765,313.519,375,0.000002216,7.44032,,,,0.00121194,0.00487581,0.984206,0.0097055,1.6e-7,2.73e-7
bowel_sounds_signal,52988441,bowel_sounds_signal,90,annotation,CRS,167.586,168.501,0.915312,0.4,0.437009,-25.6993,-22.1424,-3.77496,21.9243,-37.3381,3,3.44828,0.29,13,17.3913,0.06,1.17647,0.999303,155.34,0.37239,0.466331,289.443,308.017,468.75,0.00001721,2.64634,,,,0.0156056,0.0147541,0.873062,0.0965755,0.000001286,0.00000188
bowel_sounds_signal,52988441,bowel_sounds_signal,91,annotation,SB,170.813,170.922,0.108438,0.04,0.368876,-31.4419,-27.1915,-18.3162,13.1257,-39.2981,1,,,1,,,11.1111,0.890731,41.5584,0.669374,0,161.152,188.112,218.75,0.000032938,3.43791,,,,0.0501831,0.139081,0.809682,0.00103809,0.000007644,0.000008873
bowel_sounds_signal,52988441,bowel_sounds_signal,92,annotation,SB,170.922,171.018,0.0964375,0,0,-36.3545,-240,-21.6068,14.7476,-37.4346,1,,,2,20,0.05,14.2857,0.997438,181.818,0.489945,0,183.112,166.785,203.125,0.000063646,2.34383,,,,0.0831893,0.160326,0.756369,0.000086431,0.000008939,0.000020436
bowel_sounds_signal,52988441,bowel_sounds_signal,93,annotation,SB,171.018,171.15,0.132562,0.02,0.150872,-43.8486,-36.446,-27.2943,16.5543,-44.3127,1,,,2,14.2857,0.07,8.33333,0.984279,37.2093,0.46646,0,72.8255,109.132,187.5,0.00136851,1.55361,,,,0.59457,0.0965171,0.306111,0.00181122,0.000278158,0.000713006
bowel_sounds_signal,52988441,bowel_sounds_signal,94,annotation,MB,171.644,173.258,1.61394,0.72,0.446114,-35.6547,-32.2979,-12.0328,23.6219,-40.7303,7,4.02685,0.195,23,14.1026,0.06,0.769231,0.669458,390.244,0.503332,0.267962,418.826,157.63,390.625,0.000102469,2.68049,0.0942081,0.282624,53.834,0.572953,0.0787415,0.341416,0.00686489,0.000011772,0.000012836
bowel_sounds_signal,52988441,bowel_sounds_signal,95,annotation,CRS,173.258,173.571,0.313188,0.23,0.734384,-23.5821,-22.2477,-8.96334,14.6188,-35.0114,1,,,3,12.5,0.08,20,0.518568,285.714,0.432,0.659965,265.338,284.314,359.375,0.000007869,8.49081,,,,0.00840038,0.0523974,0.938742,0.000457732,7.44e-7,0.000001254
bowel_sounds_signal,52988441,bowel_sounds_signal,96,annotation,SB,177.931,178.075,0.144563,0.04,0.276697,-41.8034,-37.4257,-30.6379,11.1655,-41.2905,1,,,1,,,7.69231,0.993662,53.6913,0.440501,0,47.8511,60.5604,62.5,0.000302871,1.53124,,,,0.873195,0.0833143,0.0427837,0.000481136,0.000079353,0.000147005
bowel_sounds_signal,52988441,bowel_sounds_signal,97,annotation,CRS,182.76,183.724,0.963562,0.56,0.581177,-24.864,-22.7279,-8.21117,16.6528,-29.361,4,3.79747,0.18,10,10.8434,0.07,10,0.426383,367.865,0.55578,0.24892,341.367,339.965,406.25,0.000017288,2.4275,,,,0.0167098,0.0171612,0.959122,0.00700228,0.000002837,0.000002074
bowel_sounds_signal,52988441,bowel_sounds_signal,98,annotation,SB,183.844,184.001,0.156625,0.03,0.19154,-42.4256,-36.6018,-26.6693,15.7563,-39.312,1,,,1,,,7.14286,0.966234,35.7143,0.588506,0,70.8803,55.9011,46.875,0.000398764,1.13408,,,,0.92034,0.0264323,0.0476861,0.0052867,0.00010618,0.000149093
bowel_sounds_signal,52988441,bowel_sounds_signal,99,annotation,SB,186.747,186.831,0.084375,0,0,-38.2168,-240,-20.9376,17.2792,-37.5016,1,,,1,,,14.2857,0.947488,,,,50.2555,251.551,421.875,0.00763537,0.321635,,,,0.196408,0.189345,0.509704,0.0986546,0.00367995,0.00220816
bowel_sounds_signal,52988441,bowel_sounds_signal,100,annotation,CRS,186.831,187.65,0.819063,0.35,0.427318,-34.383,-30.9408,-13.6573,20.7257,-36.0854,4,4.10959,0.25,9,11.2676,0.05,1.72414,0.937652,351.691,0.441091,0.329456,350.168,253.357,375,0.000085856,4.48215,,,,0.209929,0.046336,0.742215,0.00149306,0.000014375,0.00001316
bowel_sounds_signal,52988441,bowel_sounds_signal,101,annotation,SB,191.034,191.119,0.084375,0.02,0.237037,-43.0711,-37.749,-30.2959,12.7751,-42.1615,1,,,2,33.3333,0.03,14.2857,0.982309,380.952,0.785893,0,337.058,365.833,421.875,0.000477039,7.19057,,,,0.0235575,0.000741266,0.971355,0.00402714,0.000141157,0.000177876
bowel_sounds_signal,52988441,bowel_sounds_signal,102,annotation,SB,191.444,191.564,0.1205,0.02,0.165975,-40.1152,-34.265,-24.8479,15.2674,-38.5375,1,,,2,25,0.04,11.1111,0.782375,175.824,0.199258,0,175.131,137.466,187.5,0.000363254,3.73613,,,,0.338932,0.177866,0.481494,0.00147357,0.0001128,0.000121639
bowel_sounds_signal,52988441,bowel_sounds_signal,103,annotation,CRS,192.492,193.311,0.819,0.25,0.30525,-23.8699,-18.8327,-4.70597,19.164,-31.3798,3,4.25532,0.235,8,10,0.1,1.28205,0.999492,380.952,0.504363,0.503577,380.554,345.792,406.25,0.000004526,4.8711,,,,0.00917979,0.0252732,0.964184,0.00136203,4.81e-7,6.18e-7
bowel_sounds_signal,52988441,bowel_sounds_signal,104,annotation,MB,193.889,195.213,1.32488,0.48,0.362298,-40.2536,-36.5619,-19.3258,20.9278,-39.4764,9,6.66667,0.135,17,12.9032,0.06,0.819672,0.563183,380.952,0.446957,0.323572,205.922,214.461,375,0.00358476,3.29475,,,,0.308159,0.107203,0.548313,0.0346485,0.000780941,0.000895489
bowel_sounds_signal,52988441,bowel_sounds_signal,105,annotation,SB,196.37,196.478,0.108438,0.02,0.184438,-41.9314,-36.0478,-26.5305,15.4009,-37.0991,1,,,1,,,11.1111,0.999437,225.352,0.185424,0,58.2834,80.5504,140.625,0.00124373,1.24338,,,,0.786254,0.0646283,0.134372,0.0137956,0.00059255,0.000357009
bowel_sounds_signal,52988441,bowel_sounds_signal,106,annotation,CRS,200.163,201.536,1.373,0.91,0.662782,-21.7159,-19.9526,-2.6752,19.0407,-34.5097,5,3.22581,0.22,16,12.0968,0.07,0.840336,0.511475,200,0.470234,0.542923,340.184,325.33,406.25,0.000008088,2.72147,,,,0.00992365,0.0241158,0.956168,0.00979078,8.4e-7,8.2e-7
bowel_sounds_signal,52988441,bowel_sounds_signal,107,annotation,MB,201.536,202.584,1.04787,0.19,0.181319,-39.6513,-32.7854,-16.2954,23.3558,-41.7172,5,4.70588,0.22,15,14,0.07,1.42857,0.603674,349.312,0.496969,0.10926,334.217,254.018,359.375,0.000305863,5.34747,,,,0.186312,0.0612918,0.744406,0.00789002,0.000047052,0.000053236
bowel_sounds_signal,52988441,bowel_sounds_signal,108,annotation,SB,205.089,205.185,0.096375,0,0,-46.8192,-240,-26.6535,20.1657,-46.4359,1,,,2,25,0.04,14.2857,0.953317,484.848,0.369564,0,76.1414,314.248,593.75,0.0151011,1.21826,,,,0.385224,0.0689704,0.309905,0.229476,0.00280524,0.00361933
bowel_sounds_signal,52988441,bowel_sounds_signal,109,annotation,SB,205.547,205.679,0.132562,0.09,0.678925,-37.8743,-36.2443,-18.0191,19.8552,-46.2173,1,,,3,18.1818,0.055,,-0.371449,74.4186,0.113557,0,71.3484,191.172,328.125,0.00122919,0.507367,,,,0.277943,0.268313,0.407333,0.0445036,0.0017785,0.000128278
bowel_sounds_signal,52988441,bowel_sounds_signal,110,annotation,SB,207.847,207.955,0.1085,0.0485,0.447005,-34.2479,-30.8165,-23.4777,10.7702,-40.3788,2,25,0.04,2,20,0.05,,-0.937393,,,,375.863,42.9322,46.875,0.000364636,12.0276,,,,0.969238,0.0144226,0.0150981,0.00103859,0.000104106,0.00009832
bowel_sounds_signal,52988441,bowel_sounds_signal,111,annotation,SB,207.955,208.088,0.1325,0.02,0.150943,-38.1235,-32.7196,-24.29,13.8334,-35.0235,1,,,2,10,0.1,25,0.115363,38.1862,0.254913,0,81.0671,104.476,171.875,0.000172538,1.72943,,,,0.585443,0.222965,0.188504,0.00300235,0.000035385,0.00005061
bowel_sounds_signal,52988441,bowel_sounds_signal,112,annotation,SB,208.871,208.967,0.0964375,0.05,0.518471,-33.613,-31.2942,-19.7095,13.9034,-32.6505,1,,,2,25,0.04,20,0.336385,190.476,0.455206,0,372.661,296.886,390.625,0.000190991,3.97505,,,,0.0754892,0.0347923,0.878058,0.011297,0.000330312,0.000033454
bowel_sounds_signal,52988441,bowel_sounds_signal,113,annotation,CRS,208.967,209.365,0.3975,0.18,0.45283,-27.48,-24.7318,-10.014,17.466,-27.4071,1,,,5,13.3333,0.07,2.77778,0.989645,192.771,0.421958,0.606256,341.132,306.531,406.25,0.00002571,5.45811,,,,0.0925556,0.007043,0.867497,0.0328963,0.000004157,0.000003531
bowel_sounds_signal,52988441,bowel_sounds_signal,114,annotation,MB,210.737,213.05,2.31244,0.36,0.15568,-44.5599,-38.3424,-23.189,21.3709,-42.1716,13,5.88235,0.16,26,11.3122,0.08,0.578035,0.681515,190.476,0.500055,0.776888,190.055,112.681,218.75,0.000415124,4.0545,,,,0.630442,0.0864691,0.278092,0.00485377,0.000045303,0.000097473
bowel_sounds_signal,52988441,bowel_sounds_signal,115,annotation,SB,215.711,215.82,0.108438,0.02,0.184438,-44.4384,-37.8892,-28.8043,15.6342,-43.079,1,,,2,33.3333,0.03,11.1111,0.982362,44.1989,0.267243,0,82.1937,78.8181,109.375,0.00140634,2.6302,,,,0.745845,0.166055,0.0827705,0.00432392,0.000387673,0.000618069
bowel_sounds_signal,52988441,bowel_sounds_signal,116,annotation,CRS,216.555,217.458,0.903312,0.22,0.243548,-38.0964,-33.728,-19.7316,18.3647,-38.5447,4,4.22535,0.22,14,17.8082,0.05,4.16667,0.423632,347.826,0.505839,0.420381,340.207,291.731,375,0.000084326,5.44332,,,,0.102621,0.0298945,0.863257,0.00420125,0.000008266,0.000018791
bowel_sounds_signal,52988441,bowel_sounds_signal,117,annotation,SB,217.843,217.976,0.132562,0.03,0.226308,-36.6529,-30.5339,-20.0502,16.6027,-40.5943,2,20,0.05,2,20,0.05,10,0.997196,500,0.50003,0,98.359,40.172,46.875,0.000145024,2.09833,,,,0.973052,0.0150184,0.0111333,0.000691138,0.000044562,0.000061093
bowel_sounds_signal,52988441,bowel_sounds_signal,118,annotation,SB,218.361,218.518,0.156625,0.02,0.127694,-41.4069,-34.0274,-25.5839,15.823,-41.1695,1,,,2,33.3333,0.03,,-0.29023,500,0.609018,0,90.3849,39.0565,46.875,0.000458065,2.89232,,,,0.97839,0.0117607,0.0090275,0.000423053,0.000143233,0.000255782
bowel_sounds_signal,52988441,bowel_sounds_signal,119,annotation,SB,221.432,221.553,0.1205,0.02,0.165975,-40.9116,-34.4671,-25.7439,15.1676,-38.9398,2,10,0.1,2,12.5,0.08,,-0.343318,38.835,0.277359,0,79.2923,58.3973,78.125,0.000310373,2.53735,,,,0.887732,0.0432229,0.0682003,0.000621407,0.000085761,0.000137797
bowel_sounds_signal,52988441,bowel_sounds_signal,120,annotation,HS,221.721,221.914,0.192812,0.06,0.311183,-37.9979,-33.4789,-26.1425,11.8554,-36.9317,2,6.66667,0.15,3,12.5,0.08,5.55556,0.999043,250,0.642606,0,220.481,247.949,265.625,0.000046506,4.70359,,,,0.000998949,0.00055257,0.973729,0.0246941,0.000009712,0.000016114
bowel_sounds_signal,52988441,bowel_sounds_signal,121,annotation,SB,221.962,222.058,0.0964375,0.02,0.207388,-31.3517,-24.6683,-13.1189,18.2328,-37.4655,1,,,2,25,0.04,14.2857,0.999954,275.862,0.629889,0,190.51,134.434,203.125,0.000537594,3.04815,,,,0.551785,0.0392096,0.360292,0.048287,0.000216435,0.00020962
bowel_sounds_signal,52988441,bowel_sounds_signal,122,annotation,CRS,222.058,222.913,0.855125,0.63,0.736734,-25.8585,-24.5442,-9.92231,15.9361,-35.9883,3,3.0303,0.33,12,16.6667,0.05,2.08333,0.666856,262.295,0.568885,0.531755,510.582,509.161,546.875,0.000013858,10.8924,,,,0.00230101,0.000787364,0.13522,0.861688,0.000001823,0.00000186
bowel_sounds_signal,52988441,bowel_sounds_signal,123,annotation,SB,223.973,224.106,0.1325,0.02,0.150943,-34.9908,-28.5007,-18.28,16.7109,-32.7929,1,,,2,20,0.05,,-0.18281,355.556,0.35594,0,379.559,249.927,375,0.000176098,12.1459,,,,0.26282,0.00978018,0.716279,0.0109494,0.000137103,0.000034198
bowel_sounds_signal,52988441,bowel_sounds_signal,124,annotation,SB,224.612,224.72,0.108438,0.02,0.184438,-47.4128,-41.4019,-30.6344,16.7784,-47.2941,2,14.2857,0.07,2,16.6667,0.06,11.1111,0.983128,333.333,0.522779,0,90.8436,155.853,156.25,0.0157862,0.968999,,,,0.752618,0.0806874,0.140069,0.00859729,0.00764179,0.0103858
bowel_sounds_signal,52988441,bowel_sounds_signal,125,annotation,SB,224.72,224.889,0.168687,0.04,0.237125,-51.3526,-47.9655,-36.7649,14.5877,-47.6652,1,,,4,30,0.03,,-0.15918,380.952,0.642816,0,151.005,63.5671,62.5,0.0029654,3.22144,,,,0.935964,0.0241578,0.0337434,0.00265858,0.00147956,0.00199684
bowel_sounds_signal,52988441,bowel_sounds_signal,126,annotation,MB,227.333,228.164,0.831063,0.12,0.144393,-44.2473,-37.8317,-26.4743,17.7729,-42.4314,4,3.94737,0.18,13,15.5844,0.07,1.35135,0.686947,326.531,0.499409,0.0097532,324.747,210.126,343.75,0.000545365,5.19595,,,,0.370069,0.033092,0.588196,0.00841368,0.000097005,0.000132606
bowel_sounds_signal,52988441,bowel_sounds_signal,127,annotation,SB,235.692,235.836,0.144625,0.02,0.138289,-37.317,-30.4367,-20.7673,16.5496,-37.4928,1,,,1,,,12.5,0.745652,35.4767,0.39246,0,77.1202,66.4781,93.75,0.000183576,2.46785,,,,0.828025,0.0972758,0.0742854,0.00029316,0.000037691,0.000082991
bowel_sounds_signal,52988441,bowel_sounds_signal,128,annotation,SB,235.836,236.005,0.168625,0.02,0.118606,-40.1126,-32.257,-23.0881,17.0244,-39.5465,1,,,2,11.1111,0.09,9.09091,0.817645,116.788,0.36603,0,342.654,305.478,359.375,0.000312008,5.48246,,,,0.0446325,0.0342658,0.914997,0.00591089,0.000073255,0.00012104
bowel_sounds_signal,52988441,bowel_sounds_signal,129,annotation,CRS,236.005,237.016,1.01175,0.63,0.622683,-24.5639,-22.5415,-8.05209,16.5118,-32.6994,5,4.44444,0.185,12,12.0879,0.08,1.0101,0.99995,326.531,0.492593,0.380079,334.827,302.825,359.375,0.000018721,5.35723,,,,0.0189498,0.0347207,0.935185,0.011137,0.000005186,0.000001793
bowel_sounds_signal,52988441,bowel_sounds_signal,130,annotation,MB,238.883,239.642,0.758813,0.39,0.513961,-30.2093,-27.4235,-8.75576,21.4536,-36.6359,1,,,9,13.1148,0.06,1.6129,0.869966,386.047,0.667982,0.164154,91.1337,140.865,218.75,0.000022821,0.648062,,,,0.361848,0.281706,0.346167,0.010274,0.000001925,0.000003392
bowel_sounds_signal,52988441,bowel_sounds_signal,131,annotation,CRS,239.642,240.256,0.61425,0.26,0.42328,-37.1644,-33.8621,-18.506,18.6584,-38.7873,2,1.88679,0.53,7,11.3208,0.075,1.78571,0.999107,74.7664,0.26196,0.966086,140.006,123.555,250,0.000165575,0.896037,,,,0.514996,0.177078,0.303047,0.00483106,0.000018921,0.000029013
bowel_sounds_signal,52988441,bowel_sounds_signal,132,annotation,MB,241.689,243.255,1.56569,0.41,0.261866,-35.9082,-30.3078,-7.88373,28.0245,-42.3342,8,5.18519,0.15,20,13.2867,0.08,0.78125,0.954141,363.636,0.39941,0.389085,323.102,159.734,328.125,0.000116842,4.1357,,,,0.472983,0.0564233,0.469477,0.00107924,0.000013973,0.000023641
bowel_sounds_signal,52988441,bowel_sounds_signal,133,annotation,MB,244.098,246.856,2.75806,0.61,0.22117,-37.3021,-31.3856,-10.122,27.1801,-38.6382,15,5.71429,0.115,36,13.2075,0.07,0.8,0.505737,264.858,0.451463,0.627706,452.955,315.484,484.375,0.000307688,4.1413,,,,0.193516,0.0532017,0.616929,0.136271,0.000045284,0.00003716
bowel_sounds_signal,52988441,bowel_sounds_signal,134,annotation,SB,247.434,247.603,0.168687,0.02,0.118562,-43.4086,-36.9909,-27.6431,15.7655,-40.1916,2,8.33333,0.12,3,16.6667,0.06,6.66667,0.999974,242.424,0.446584,0,42.0667,146.165,234.375,0.000704926,1.34613,,,,0.371349,0.150992,0.475487,0.00172519,0.00016199,0.000284934
bowel_sounds_signal,52988441,bowel_sounds_signal,135,annotation,SB,247.964,248.072,0.108438,0.02,0.184438,-42.0944,-37.2549,-28.3537,13.7408,-38.1991,1,,,2,20,0.05,14.2857,0.51242,37.8251,0.458444,0,156.502,76.8787,156.25,0.000704636,5.00807,,,,0.784664,0.052626,0.159048,0.00328967,0.00010521,0.000267767
bowel_sounds_signal,52988441,bowel_sounds_signal,136,annotation,SB,248.072,248.229,0.156625,0.05,0.319234,-45.1759,-41.1015,-30.6459,14.53,-45.9415,1,,,2,33.3333,0.03,9.09091,0.866374,500,0.39625,0,75.0093,125.173,203.125,0.000300785,0.480059,,,,0.367494,0.316076,0.313525,0.00277063,0.000045765,0.000088949
bowel_sounds_signal,52988441,bowel_sounds_signal,137,annotation,SB,249.433,249.614,0.180688,0.11,0.608786,-18.9277,-16.777,-4.06026,14.8674,-38.1393,1,,,2,33.3333,0.03,5.88235,0.998704,250,0.49928,0,260.677,319.486,437.5,0.000003367,3.33667,,,,0.000784364,0.000615506,0.947817,0.0507823,6.31e-7,3.68e-7
bowel_sounds_signal,52988441,bowel_sounds_signal,138,annotation,MB,249.722,251.384,1.66206,0.76,0.457263,-37.0282,-33.8983,-15.0554,21.9728,-41.4938,7,5.35714,0.105,27,16.3522,0.05,0.641026,0.988689,222.222,0.275671,0.448431,283.209,221.346,312.5,0.000130501,3.62508,,,,0.142058,0.150703,0.702684,0.00451885,0.000010171,0.000025234
bowel_sounds_signal,52988441,bowel_sounds_signal,139,annotation,MB,252.252,256.756,4.50431,1.86,0.412938,-32.8068,-29.1375,-2.47063,30.3362,-40.7884,17,3.59551,0.115,54,11.9101,0.07,1.23457,0.364843,76.7544,0.390532,0.804373,295.859,236.235,328.125,0.000074181,1.72136,0.129465,0.388394,52.2601,0.0865332,0.119417,0.785687,0.00834552,0.000007251,0.000009447
bowel_sounds_signal,52988441,bowel_sounds_signal,140,annotation,MB,258.153,260.152,1.99925,0.77,0.385144,-35.5512,-31.6234,-14.3106,21.2407,-39.6952,9,4.12371,0.245,24,11.8557,0.08,1.5625,0.294422,225.352,0.33369,0.72073,235.777,199.559,312.5,0.000192843,2.51495,,,,0.219383,0.127018,0.649762,0.00378598,0.000022032,0.000027982
bowel_sounds_signal,52988441,bowel_sounds_signal,141,annotation,SB,260.923,261.116,0.19275,0.09,0.466926,-25.6658,-22.3924,-9.21419,16.4516,-37.1599,1,,,2,7.14286,0.14,5.55556,0.957794,144.935,0.567202,0.698376,264.338,247.527,296.875,0.000036211,8.45881,,,,0.0140948,0.0756016,0.8974,0.0128897,0.000008819,0.000005343
bowel_sounds_signal,52988441,bowel_sounds_signal,142,annotation,SB,261.308,261.417,0.108438,0.0584375,0.538905,-43.0809,-41.1515,-26.7629,16.318,-41.781,1,,,1,,,11.1111,0.886298,363.636,0.356757,0,39.3809,103.485,156.25,0.000817378,1.26019,,,,0.609252,0.232019,0.152642,0.0055108,0.000252465,0.000323968
bowel_sounds_signal,52988441,bowel_sounds_signal,143,annotation,SB,261.633,261.742,0.108438,0.04,0.368876,-26.6853,-22.3671,-11.9186,14.7667,-40.247,2,14.2857,0.07,2,14.2857,0.07,11.1111,0.611375,340.426,0.414671,0,305.468,330.574,406.25,0.000018493,6.51664,,,,0.000622102,0.00774103,0.946154,0.0454732,0.000006079,0.000003236
bowel_sounds_signal,52988441,bowel_sounds_signal,144,annotation,CRS,261.85,262.356,0.505875,0.25,0.494193,-32.8614,-29.8747,-11.9337,20.9277,-38.8532,3,4.54545,0.22,6,11.3636,0.09,11.1111,0.643231,185.015,0.33918,0.742341,308.957,268.145,343.75,0.000080235,4.94332,,,,0.096309,0.051456,0.843136,0.00907675,0.000010385,0.000012236
bowel_sounds_signal,52988441,bowel_sounds_signal,145,annotation,unsure_MB,262.741,265.102,2.36063,1.19,0.504104,-33.7968,-31.1769,-12.7816,21.0153,-35.1238,8,3.0837,0.34,32,13.6564,0.07,0.892857,0.446046,58.9369,0.284937,0.809979,304.869,204.66,328.125,0.000119535,3.25194,,,,0.246514,0.128318,0.622261,0.0028702,0.000022763,0.000014202
bowel_sounds_signal,52988441,bowel_sounds_signal,146,annotation,MB,265.246,267.511,2.26425,0.75,0.331236,-41.4236,-37.0443,-17.1542,24.2694,-42.9262,9,3.73832,0.205,29,12.7854,0.075,0.529101,0.41496,76.4001,0.221613,1.04372,75.5289,139.819,265.625,0.000756483,0.483385,,,,0.416868,0.21323,0.364182,0.00543591,0.000168441,0.000115864
bowel_sounds_signal,52988441,bowel_sounds_signal,147,annotation,CRS,267.511,268.016,0.505875,0.2,0.395355,-25.4442,-21.5615,-10.2559,15.1884,-30.7683,2,2.85714,0.35,4,8.82353,0.11,9.09091,0.498763,320,0.702314,0.391289,320.019,302.989,328.125,0.00001048,4.09624,,,,0.0103151,0.00958828,0.976234,0.0038598,0.000001597,0.000001065
bowel_sounds_signal,52988441,bowel_sounds_signal,148,annotation,MB,268.016,269.305,1.28875,0.34,0.263822,-39.4531,-34.5606,-19.1598,20.2933,-39.6754,8,5.55556,0.12,18,13.3858,0.07,11.1111,0.365909,285.805,0.313336,0.634504,316.792,149.296,312.5,0.000277135,3.37912,,,,0.505146,0.0812518,0.402672,0.0108332,0.000050005,0.000046539
bowel_sounds_signal,52988441,bowel_sounds_signal,149,annotation,CRS,269.546,270.353,0.807,0.49,0.607187,-21.4441,-19.2834,-1.92868,19.5154,-38.2094,3,4,0.25,5,6.89655,0.075,1.35135,0.999114,301.887,0.631801,0.0417806,281.673,283.826,328.125,0.000004928,4.50676,,,,0.00557297,0.0168284,0.975052,0.00254512,7.34e-7,5.37e-7
bowel_sounds_signal,52988441,bowel_sounds_signal,150,annotation,MB,270.353,272.436,2.08363,0.63,0.302358,-35.8136,-31.2354,-15.3456,20.468,-39.74,12,5.44554,0.13,34,16.0976,0.06,10,0.345713,70.7965,0.317104,0.847062,311.986,205.793,328.125,0.000101167,4.99178,0.0857462,0.257239,36.4993,0.247221,0.124171,0.625916,0.00265924,0.000020734,0.000011936
bowel_sounds_signal,52988441,bowel_sounds_signal,151,annotation,MB,272.641,274.941,2.30037,0.77,0.334728,-34.3672,-29.8043,-9.95653,24.4107,-42.5048,10,4.7619,0.15,30,14.0097,0.06,0.666667,0.83204,188.235,0.412985,0.756951,300.786,229.588,328.125,0.000077028,3.20838,,,,0.164721,0.0903023,0.743408,0.00154816,0.000010845,0.000009889
bowel_sounds_signal,52988441,bowel_sounds_signal,152,annotation,CRS,275.002,275.423,0.421563,0.22,0.521868,-17.7747,-14.9558,-1.88928,15.8855,-36.6064,2,14.2857,0.07,6,17.8571,0.04,2.7027,0.999875,301.887,0.555131,0.289499,314.158,302.083,328.125,0.000003955,5.02654,,,,0.00322752,0.0104928,0.985466,0.000812881,5.52e-7,4.04e-7
bowel_sounds_signal,52988441,bowel_sounds_signal,153,annotation,SB,275.471,275.628,0.156625,0.03,0.19154,-24.0945,-17.1027,-6.94818,17.1463,-29.1224,1,,,3,18.1818,0.055,7.14286,0.989771,275.862,0.566655,0,295.884,246.092,312.5,0.000013645,6.3122,,,,0.154608,0.0183379,0.825932,0.00111599,0.000002265,0.000003975
bowel_sounds_signal,52988441,bowel_sounds_signal,154,annotation,SB,275.712,275.857,0.144563,0.03,0.207523,-29.8381,-23.6537,-14.9354,14.9027,-29.4984,1,,,1,,,7.69231,0.982248,307.692,0.545425,0,46.368,210.417,328.125,0.000038247,1.48378,,,,0.294367,0.106377,0.599078,0.000157814,0.00000743,0.000013225
bowel_sounds_signal,52988441,bowel_sounds_signal,155,annotation,MB,276.579,277.326,0.74675,0.41,0.549046,-33.5117,-31.0477,-14.6449,18.8668,-35.7431,5,5.55556,0.145,12,15.2778,0.07,1.51515,0.99761,380.952,0.591282,0.120699,316.106,326.819,406.25,0.000099905,2.52885,,,,0.0402135,0.0245891,0.927062,0.00810884,0.00001146,0.000015487
bowel_sounds_signal,52988441,bowel_sounds_signal,156,annotation,MB,277.82,279.265,1.44525,0.67,0.463588,-37.1813,-34.1355,-16.0804,21.1009,-41.5341,10,7.75862,0.13,22,16.0305,0.06,1.38889,0.486912,56.1404,0.26137,0.52009,111.802,162.903,265.625,0.000477512,0.650483,,,,0.2459,0.277547,0.467791,0.00861676,0.000073023,0.00007172
bowel_sounds_signal,52988441,bowel_sounds_signal,157,annotation,SB,281.891,282.023,0.132562,0.05,0.377181,-41.2238,-37.4632,-19.1903,22.0335,-42.9871,2,8.33333,0.12,3,16.6667,0.06,,-0.502581,105.263,0.165892,0,106.404,341.027,484.375,0.0380112,1.36197,,,,0.137969,0.282646,0.435122,0.122616,0.0114909,0.0101559
bowel_sounds_signal,52988441,bowel_sounds_signal,158,annotation,MB,283.059,284.745,1.68613,0.74,0.438876,-33.744,-30.2431,-9.43339,24.3106,-41.3261,6,3.57143,0.21,22,14.5833,0.06,0.625,0.999757,301.887,0.406261,0.459904,318.937,259.35,343.75,0.000113345,6.804,,,,0.132165,0.0794395,0.786019,0.00234783,0.0000115,0.000017332
bowel_sounds_signal,52988441,bowel_sounds_signal,159,annotation,MB,285.046,287.961,2.91456,0.89,0.305363,-38.9608,-34.1072,-13.3661,25.5947,-43.6351,12,3.97112,0.23,39,13.3803,0.07,0.613497,0.402259,276.602,0.34712,0.578305,325.015,220.582,343.75,0.00054557,4.1602,,,,0.210957,0.126487,0.656851,0.00549791,0.000127579,0.000078827
bowel_sounds_signal,52988441,bowel_sounds_signal,160,annotation,CRS,287.961,288.454,0.493875,0.08,0.161984,-43.8545,-41.1056,-27.5693,16.2852,-39.8312,2,3.22581,0.31,6,13.8889,0.06,10,0.265048,410.256,0.465454,0,416.937,315.896,453.125,0.000894682,8.89465,,,,0.176352,0.0577344,0.665009,0.100572,0.000109998,0.000222212
bowel_sounds_signal,52988441,bowel_sounds_signal,161,annotation,SB,290.068,290.189,0.1205,0.04,0.33195,-40.6271,-36.0058,-26.1668,14.4604,-45.972,1,,,2,12.5,0.08,,-0.170955,177.778,0.508077,0,191.759,158.786,203.125,0.000242386,4.09086,,,,0.192183,0.132188,0.674902,0.000566358,0.000054133,0.000105915
bowel_sounds_signal,52988441,bowel_sounds_signal,162,annotation,MB,290.658,291.851,1.19237,0.26,0.218052,-40.0608,-34.4738,-16.3484,23.7124,-42.8109,7,5.17241,0.2,18,14.6552,0.06,0.892857,0.965337,118.563,0.293586,0.55,61.1235,127.553,203.125,0.000465748,0.977976,,,,0.427127,0.249142,0.319206,0.00437856,0.000053669,0.000092656
bowel_sounds_signal,52988441,bowel_sounds_signal,163,annotation,MB,292.91,295.09,2.17994,0.76,0.348634,-37.5738,-33.5753,-15.0041,22.5697,-38.8564,11,5.71429,0.195,32,14.7619,0.06,0.520833,0.767502,43.8356,0.353765,1.15404,345.602,243.158,375,0.000298202,4.4237,,,,0.19757,0.127617,0.65893,0.0158058,0.000036393,0.000040217
bowel_sounds_signal,52988441,bowel_sounds_signal,164,annotation,CRS,295.235,296.222,0.987625,0.36,0.364511,-33.9213,-30.382,-15.9397,17.9816,-33.4842,6,5.55556,0.12,14,14.4444,0.06,1.5873,0.658327,46.6472,0.313394,0.739269,184.083,260.635,406.25,0.000111584,3.92711,,,,0.100296,0.115506,0.772456,0.0117152,0.000008967,0.000018442
bowel_sounds_signal,52988441,bowel_sounds_signal,165,annotation,SB,296.391,296.511,0.120438,0.05,0.415153,-26.6918,-22.9319,-11.2688,15.4231,-33.6813,1,,,1,,,9.09091,0.617401,111.111,0.378055,0,343.545,179.191,359.375,0.000015652,4.39737,,,,0.466491,0.0463337,0.484847,0.00232239,0.000003479,0.000002735
bowel_sounds_signal,52988441,bowel_sounds_signal,166,annotation,MB,297.824,299.281,1.45738,0.52,0.356806,-37.8914,-34.0407,-15.5572,22.3342,-39.3569,7,4.61538,0.245,23,15.2778,0.055,0.719424,0.893806,52.6339,0.307633,0.256654,66.9173,142.852,234.375,0.000358417,0.428271,,,,0.302463,0.310594,0.380429,0.00640762,0.000048853,0.000057344
bowel_sounds_signal,52988441,bowel_sounds_signal,167,annotation,MB,301.245,304.316,3.07119,1.29,0.420033,-41.2069,-37.8344,-17.6338,23.5731,-43.4388,12,3.65449,0.19,44,14.1447,0.07,0.900901,0.303179,55.3633,0.166368,0.854787,93.347,120.377,203.125,0.00105218,0.853458,,,,0.456677,0.265945,0.271728,0.0052672,0.000165216,0.000217448
bowel_sounds_signal,52988441,bowel_sounds_signal,168,annotation,CRS,305.652,305.929,0.277062,0.08,0.288744,-30.7967,-25.6932,-14.1091,16.6876,-36.7668,1,,,3,25,0.04,4.16667,0.998212,355.556,0.318702,0,328.265,259.458,390.625,0.000013191,5.25224,,,,0.174057,0.0552807,0.769506,0.0011513,0.000002542,0.000001792
bowel_sounds_signal,52988441,bowel_sounds_signal,169,annotation,MB,306.459,308.459,1.99925,0.46,0.230086,-37.7756,-32.2129,-14.2612,23.5145,-39.3194,10,6.38298,0.16,22,10.7692,0.09,0.512821,0.87441,97.561,0.266164,1.13281,103.183,138.368,218.75,0.000276434,1.65093,,,,0.24318,0.420342,0.331074,0.00530894,0.000061041,0.000035052
bowel_sounds_signal,52988441,bowel_sounds_signal,170,annotation,MB,310.663,312.108,1.44525,0.41,0.283688,-38.2878,-33.3329,-16.2068,22.081,-40.7766,7,4.16667,0.185,21,13.8889,0.06,0.75188,0.996747,65.7109,0.422284,1.1269,122.166,114.042,187.5,0.00109396,0.781864,,,,0.481271,0.264375,0.249591,0.00430758,0.000249668,0.00020558
bowel_sounds_signal,52988441,bowel_sounds_signal,171,annotation,SB,314.613,314.721,0.108438,0.03,0.276657,-31.4154,-25.9612,-13.8737,17.5417,-39.7366,1,,,2,25,0.04,11.1111,0.991154,42.6667,0.45725,0,118.602,94.4973,156.25,0.000283285,1.08436,,,,0.526596,0.309869,0.161411,0.00195158,0.000063182,0.000109978
bowel_sounds_signal,52988441,bowel_sounds_signal,172,annotation,SB,315.143,315.275,0.1325,0.02,0.150943,-32.138,-23.9927,-13.6677,18.4703,-41.7631,2,14.2857,0.07,2,14.2857,0.07,9.09091,0.99969,40.201,0.135792,0,59.555,74.3904,125,0.000296261,0.762304,,,,0.706126,0.19605,0.0969394,0.000679911,0.000049068,0.000155606
bowel_sounds_signal,52988441,bowel_sounds_signal,173,annotation,CRS,318.382,319.454,1.07194,0.59,0.550405,-24.4439,-21.8818,-0.878403,23.5655,-35.9444,4,3,0.42,12,11,0.08,1.1236,0.886718,347.826,0.510804,0.638421,359.608,269.646,375,0.000021849,5.75373,,,,0.14151,0.0450066,0.807298,0.00618146,0.000002087,0.000002139
bowel_sounds_signal,52988441,bowel_sounds_signal,174,annotation,CRS,319.755,319.888,0.132562,0.02,0.150872,-39.2853,-31.5947,-21.0446,18.2407,-42.3713,1,,,1,,,8.33333,0.999977,,,,233.803,91.8441,156.25,0.000651865,7.4817,,,,0.663902,0.176992,0.157017,0.00167726,0.000151875,0.000260019
bowel_sounds_signal,52988441,bowel_sounds_signal,175,annotation,CRS,321.658,321.851,0.192812,0.14,0.726094,-29.042,-27.6968,-15.5658,13.4762,-33.9003,2,7.14286,0.14,2,7.69231,0.13,5.55556,0.984436,296.296,0.42861,0.0694809,313.752,260.248,328.125,0.00013228,5.02003,,,,0.101636,0.0440866,0.814434,0.0398115,0.00001632,0.000015919
bowel_sounds_signal,52988441,bowel_sounds_signal,176,annotation,MB,321.851,322.863,1.01169,0.13,0.128498,-37.8527,-32.933,-16.3171,21.5356,-38.1594,6,5.15464,0.2,14,13.4021,0.06,1.44928,0.43288,40.8197,0.155289,0.123116,41.162,134.694,234.375,0.000271675,0.878123,,,,0.36874,0.272665,0.352478,0.0060248,0.000046834,0.000044622
bowel_sounds_signal,52988441,bowel_sounds_signal,177,annotation,SB,323.26,323.405,0.144563,0.07,0.48422,-41.5731,-38.6963,-26.5498,15.0233,-42.0122,1,,,1,,,,-0.981335,37.9147,0.261232,0,185.393,98.5629,234.375,0.000620825,5.93259,,,,0.705402,0.03411,0.258894,0.00122244,0.000124505,0.00024724
bowel_sounds_signal,52988441,bowel_sounds_signal,178,annotation,SB,323.85,323.935,0.084375,0,0,-36.9869,-240,-20.8862,16.1007,-37.6624,1,,,1,,,14.2857,0.980267,48.7805,0.13346,0,186.463,174.418,281.25,0.000244877,1.32596,,,,0.148733,0.280226,0.570457,0.00046924,0.000041686,0.000072851
bowel_sounds_signal,52988441,bowel_sounds_signal,179,annotation,MB,325.922,328.848,2.92663,1.11,0.379276,-33.6474,-29.5574,-9.75494,23.8924,-39.5736,14,5.50847,0.13,40,13.6842,0.07,20,0.367534,280.702,0.394004,0.716496,271.553,179.015,296.875,0.000171458,3.47588,0.0845176,0.253553,31.3138,0.347151,0.100414,0.54871,0.00365567,0.000048132,0.000020903
bowel_sounds_signal,52988441,bowel_sounds_signal,180,annotation,MB,329.583,332.726,3.14337,0.58,0.184515,-38.5103,-31.8593,-11.933,26.5773,-41.2693,15,4.74576,0.145,43,13.8614,0.06,4.16667,0.247521,50.6329,0.283247,1.45868,183.912,81.7376,140.625,0.000408887,0.840741,,,,0.716397,0.152262,0.127753,0.00344853,0.000060839,0.000078345
bowel_sounds_signal,52988441,bowel_sounds_signal,181,annotation,SB,333.377,333.473,0.096375,0.02,0.207523,-43.6129,-37.1987,-27.5665,16.0464,-44.4204,1,,,2,33.3333,0.03,12.5,0.992299,175.824,0.200408,0,146.323,110.372,171.875,0.00267018,2.34118,,,,0.547233,0.206741,0.237842,0.00620681,0.000833967,0.00114313
bowel_sounds_signal,52988441,bowel_sounds_signal,182,annotation,SB,333.545,333.678,0.1325,0.03,0.226415,-40.0898,-38.8742,-25.0433,15.0465,-39.5919,1,,,2,16.6667,0.06,12.5,0.66012,42.5532,0.332544,0,71.2961,138.944,234.375,0.000680702,1.52098,,,,0.387808,0.223197,0.383441,0.0051779,0.000185381,0.000190448
bowel_sounds_signal,52988441,bowel_sounds_signal,183,annotation,CRS,334.075,334.798,0.722688,0.3,0.415117,-30.1722,-26.4233,-9.33519,20.837,-37.7487,5,6.15385,0.095,10,13.6364,0.06,1.47059,0.994708,238.806,0.384825,0.548413,239.833,212.146,281.25,0.000136551,3.83733,,,,0.123032,0.123742,0.733923,0.0192604,0.000011297,0.000031656
bowel_sounds_signal,52988441,bowel_sounds_signal,184,annotation,CRS,334.906,335.304,0.3975,0.25,0.628931,-20.3833,-18.3756,-5.76514,14.6181,-36.1087,1,,,3,13.3333,0.075,2.63158,0.999786,258.065,0.674706,0.0340772,254.433,257.008,296.875,0.000004273,2.71395,,,,0.00287017,0.00681774,0.989683,0.000628522,4.21e-7,4.86e-7
bowel_sounds_signal,52988441,bowel_sounds_signal,185,annotation,MB,335.352,336.532,1.18031,0.2,0.169447,-39.5045,-32.6778,-15.7684,23.7361,-40.751,6,5.31915,0.12,14,12.1495,0.06,0.877193,0.872596,46.7836,0.336904,0.856379,280.732,158.647,281.25,0.000360635,4.49171,,,,0.338515,0.17343,0.484664,0.00321901,0.000121646,0.000050383
bowel_sounds_signal,52988441,bowel_sounds_signal,186,annotation,CRS,336.652,337.17,0.517938,0.32,0.617835,-19.0126,-16.9244,-2.78753,16.2251,-35.3183,2,2.5,0.4,2,2.5641,0.39,2.12766,0.99996,52.6316,0.353196,0.319064,254.065,256.487,375,0.000010209,2.32288,,,,0.0532673,0.130833,0.809167,0.00673048,0.000001005,9.92e-7
bowel_sounds_signal,52988441,bowel_sounds_signal,187,annotation,MB,338.772,340.434,1.66206,0.46,0.276765,-39.178,-33.9764,-14.6139,24.5641,-42.9553,7,5.08475,0.085,23,13.9241,0.055,0.671141,0.773362,47.4777,0.230803,0.925737,116.683,145.382,234.375,0.000331832,0.67888,,,,0.304669,0.296158,0.391616,0.0074572,0.000052537,0.000047174
bowel_sounds_signal,52988441,bowel_sounds_signal,188,annotation,SB,341.217,341.313,0.0964375,0.03,0.311082,-35.1654,-30.2617,-20.9744,14.191,-43.2044,1,,,1,,,12.5,0.996777,35.2423,0.358835,0,280.519,169.042,281.25,0.000085822,8.97659,,,,0.361403,0.153762,0.484511,0.000265275,0.000030606,0.000027476
bowel_sounds_signal,52988441,bowel_sounds_signal,189,annotation,CRS,341.313,341.807,0.493812,0.18,0.364511,-38.7923,-35.3451,-20.0331,18.7593,-38.5508,3,5.40541,0.185,7,16.6667,0.055,14.2857,0.527745,85.5615,0.205664,0.743214,128.581,168.034,265.625,0.000133487,2.74306,,,,0.233306,0.242757,0.523288,0.000599118,0.000025346,0.000024397
bowel_sounds_signal,52988441,bowel_sounds_signal,190,annotation,SB,341.964,342.06,0.0964375,0.0764375,0.792612,-37.648,-36.6728,-21.2755,16.3724,-43.734,1,,,1,,,14.2857,0.895735,39.2157,0.399398,0,81.3643,145.57,203.125,0.00115477,1.73577,,,,0.272156,0.296834,0.427153,0.00321212,0.000307135,0.000337176
bowel_sounds_signal,52988441,bowel_sounds_signal,191,annotation,CRS,342.795,343.758,0.963562,0.78,0.809496,-25.8187,-24.9088,-9.66905,16.1497,-35.6045,4,3.65854,0.18,13,14.6341,0.06,1.21951,0.491893,250,0.459724,0.499356,322.605,329.552,453.125,0.000027974,5.16168,,,,0.0197466,0.0245256,0.912918,0.0428029,0.000003089,0.000003352
bowel_sounds_signal,52988441,bowel_sounds_signal,192,annotation,SB,343.83,343.975,0.144625,0.02,0.138289,-32.0564,-23.6712,-12.9543,19.1021,-36.6619,1,,,2,20,0.05,7.69231,0.998003,47.1976,0.265418,0,52.4191,111.919,187.5,0.000219394,0.559137,,,,0.464052,0.301532,0.232136,0.00216822,0.000046283,0.00006546
bowel_sounds_signal,52988441,bowel_sounds_signal,193,annotation,SB,343.975,344.132,0.156625,0.06,0.383081,-36.5575,-32.5426,-21.995,14.5625,-40.612,1,,,2,33.3333,0.03,7.14286,0.998406,40.5063,0.240781,0,96.0723,59.1529,93.75,0.000187953,2.04954,,,,0.808445,0.148821,0.0406318,0.00199241,0.000043608,0.000065957
bowel_sounds_signal,52988441,bowel_sounds_signal,194,annotation,MB,346.986,348.383,1.39706,0.37,0.264841,-36.3578,-30.8986,-13.9214,22.4364,-39.9576,6,4.16667,0.22,19,14.876,0.065,0.729927,0.99905,56.1404,0.217815,0.812351,301.569,249.29,328.125,0.000173548,3.21674,,,,0.1282,0.0685356,0.798267,0.00494309,0.000029161,0.000024939
bowel_sounds_signal,52988441,bowel_sounds_signal,195,annotation,MB,349.828,350.719,0.891312,0.35,0.392679,-43.5535,-40.1324,-19.6847,23.8688,-42.722,5,6.06061,0.17,12,13.4146,0.07,1.78571,0.461306,45.3808,0.266921,0.269145,110.125,203.46,343.75,0.0083158,1.00686,,,,0.247978,0.303701,0.380946,0.0641695,0.00139389,0.00181115
bowel_sounds_signal,52988441,bowel_sounds_signal,196,annotation,MB,350.852,352.393,1.54163,0.43,0.278926,-38.1204,-33.2879,-15.6315,22.4889,-43.2248,5,3.07692,0.215,23,15.6028,0.06,0.813008,0.746227,37.2093,0.267815,0.124549,103.615,129.126,218.75,0.000362722,0.602848,,,,0.385194,0.280547,0.32808,0.00606681,0.000056086,0.00005641
bowel_sounds_signal,52988441,bowel_sounds_signal,197,annotation,MB,354.694,355.91,1.2165,0.28,0.230169,-38.1815,-32.3007,-16.2737,21.9078,-43.6485,9,6.83761,0.13,19,15.3846,0.06,0.854701,0.994628,41.9703,0.177142,0.322386,93.3021,138.74,218.75,0.000587852,0.995222,,,,0.305531,0.353153,0.333117,0.00792937,0.000187274,0.000083267
bowel_sounds_signal,52988441,bowel_sounds_signal,198,annotation,CRS,357.247,357.994,0.74675,0.17,0.227653,-41.7927,-36.9478,-26.079,15.7137,-40.1071,3,7.69231,0.13,8,10.7692,0.07,2.32558,0.622428,130.753,0.341264,0.676275,73.9599,103.501,203.125,0.000215338,1.18336,,,,0.571953,0.199758,0.226406,0.0018064,0.000027864,0.000048483
bowel_sounds_signal,52988441,bowel_sounds_signal,199,annotation,MB,358.247,359.692,1.44525,0.37,0.256011,-38.2227,-32.8013,-14.7238,23.4988,-44.1718,4,3.2967,0.09,20,15.2,0.07,0.735294,0.990658,55.7491,0.222714,0.467824,99.1599,120.612,203.125,0.000259835,0.906605,,,,0.380485,0.358105,0.259018,0.00228984,0.000052209,0.000050256
bowel_sounds_signal,52988441,bowel_sounds_signal,200,annotation,MB,359.8,361.787,1.98719,0.76,0.38245,-44.7323,-41.7455,-24.1532,20.5791,-43.9406,9,4.67836,0.175,31,16.5746,0.055,0.571429,0.537916,60.1921,0.313061,1.19653,40.6836,112.554,187.5,0.000613197,0.650938,,,,0.498043,0.253409,0.245546,0.00280513,0.000065116,0.000133124
bowel_sounds_signal,52988441,bowel_sounds_signal,201,annotation,MB,361.872,363.112,1.24056,0.35,0.28213,-39.8723,-34.6396,-16.0544,23.8179,-43.5004,5,3.80952,0.275,15,13.3333,0.075,0.884956,0.701934,55.9441,0.169855,0.141587,62.7655,129.304,218.75,0.000598663,0.573856,,,,0.423534,0.240312,0.327972,0.00796386,0.000115034,0.000102926
bowel_sounds_signal,52988441,bowel_sounds_signal,202,annotation,MB,363.269,364.63,1.361,0.27,0.198384,-45.0317,-40.8522,-26.9476,18.084,-42.1574,5,3.27869,0.255,16,12.1951,0.08,0.917431,0.597939,85.1064,0.114323,0.988799,90.0448,101.934,156.25,0.00122441,0.823267,,,,0.498286,0.320653,0.177926,0.00264001,0.000192644,0.000302367
bowel_sounds_signal,52988441,bowel_sounds_signal,203,annotation,MB,365.039,367.592,2.55331,0.61,0.238905,-40.4538,-35.2124,-15.6046,24.8492,-43.0472,11,4.14938,0.145,33,13.278,0.07,0.555556,0.429543,55.1724,0.329536,1.19174,120.566,142.045,234.375,0.000378989,1.54325,,,,0.269982,0.382876,0.342179,0.00484881,0.000042671,0.000071383
bowel_sounds_signal,52988441,bowel_sounds_signal,204,annotation,MB,369.519,372.145,2.62556,0.62,0.23614,-40.2154,-34.8338,-19.1271,21.0883,-42.0265,12,4.84581,0.09,37,14.1732,0.06,0.512821,0.425199,42.5028,0.27964,0.487707,76.078,77.3632,125,0.000339489,0.973798,,,,0.750699,0.129288,0.117879,0.00200712,0.000069018,0.000057267
bowel_sounds_signal,52988441,bowel_sounds_signal,205,annotation,SB,373.289,373.397,0.1085,0.02,0.184332,-30.9642,-24.6019,-14.7795,16.1846,-29.665,1,,,1,,,14.2857,0.881983,195.122,0.198276,0,406.304,248.754,406.25,0.000109069,13.0017,,,,0.209631,0.0989297,0.690315,0.001066,0.000019626,0.000038954
bowel_sounds_signal,52988441,bowel_sounds_signal,206,annotation,CRS,373.975,374.686,0.710625,0.24,0.337731,-27.554,-22.9705,-4.16541,23.3886,-35.7804,4,4.61538,0.23,8,10.7692,0.09,14.2857,0.503675,224.959,0.521539,0.772518,39.0648,141.319,328.125,0.000035787,1.25007,,,,0.590535,0.0649552,0.343007,0.00149272,0.000004132,0.000005941
bowel_sounds_signal,52988441,bowel_sounds_signal,207,annotation,MB,374.686,376.24,1.55369,0.47,0.302506,-40.1829,-35.5677,-19.2613,20.9217,-42.8713,9,5.47945,0.095,25,16,0.065,0.653595,0.945064,55.7491,0.144182,1.29566,60.1678,162.071,281.25,0.000705428,1.28358,,,,0.27442,0.302067,0.401873,0.0211461,0.000399301,0.000094234
bowel_sounds_signal,52988441,bowel_sounds_signal,208,annotation,MB,376.565,378.154,1.58981,0.47,0.295632,-40.5324,-36.062,-19.8047,20.7277,-41.6878,7,3.84615,0.18,23,14.1026,0.06,0.641026,0.998828,93.0233,0.235156,0.517599,93.9619,151.39,218.75,0.000219879,0.462582,,,,0.279113,0.297981,0.403909,0.0189386,0.000019729,0.000038345
bowel_sounds_signal,52988441,bowel_sounds_signal,209,annotation,CRS,378.757,379.082,0.325188,0.18,0.553527,-27.6607,-25.446,-13.6023,14.0585,-30.5952,1,,,5,16,0.05,20,0.309932,336.879,0.375312,0.414719,311.559,213.387,359.375,0.000034165,2.84854,,,,0.295813,0.0928485,0.61019,0.00113815,0.000006183,0.000004306
bowel_sounds_signal,52988441,bowel_sounds_signal,210,annotation,MB,379.082,380.045,0.963562,0.31,0.321723,-39.8635,-35.296,-19.9278,19.9358,-42.8373,6,6.75676,0.08,15,15.0538,0.06,1.35135,0.629154,49.6894,0.182845,0.224005,124.033,122.821,234.375,0.00070584,0.793814,,,,0.490731,0.208521,0.295842,0.00467418,0.000092714,0.000139291
bowel_sounds_signal,52988441,bowel_sounds_signal,211,annotation,MB,381.96,383.875,1.91494,0.6,0.313326,-38.4689,-33.7522,-14.5717,23.8972,-42.7091,11,5.40541,0.17,25,13.1148,0.07,0.558659,0.943491,48.1562,0.280643,0.754346,126.794,81.3591,156.25,0.000191582,0.73771,0.0870872,0.261262,15.0656,0.715099,0.127799,0.154991,0.00205497,0.000021732,0.000034533
bowel_sounds_signal,52988441,bowel_sounds_signal,212,annotation,CRS,384.67,384.923,0.253,0.11,0.434783,-48.6032,-46.6358,-34.1662,14.4371,-44.7876,1,,,4,20,0.05,4.7619,0.463822,45.3602,0.384452,0.224764,212.611,263.433,312.5,0.00279316,4.5357,,,,0.10248,0.150646,0.626657,0.118846,0.000791229,0.000579084
bowel_sounds_signal,52988441,bowel_sounds_signal,213,annotation,CRS,385.224,385.621,0.3975,0.04,0.100629,-46.8967,-39.7674,-29.2268,17.6699,-43.152,3,5.55556,0.18,5,11.1111,0.065,5.88235,0.149723,213.333,0.520071,0,207.75,178.483,218.75,0.000257873,4.432,,,,0.179211,0.102638,0.706547,0.0114884,0.000045181,0.000071117
bowel_sounds_signal,52988441,bowel_sounds_signal,214,annotation,SB,386.091,386.224,0.1325,0.02,0.150943,-28.349,-22.1297,-11.8632,16.4858,-25.8285,1,,,1,,,8.33333,0.965869,48.1928,0.593481,0,43.8911,121.293,343.75,0.000016783,1.40452,,,,0.717093,0.0236892,0.256785,0.0024248,0.000003289,0.000004858
bowel_sounds_signal,52988441,bowel_sounds_signal,215,annotation,CRS,386.464,387.428,0.963562,0.46,0.477395,-29.1359,-26.1218,-10.9246,18.2113,-34.0319,3,2.32558,0.43,12,12.7907,0.06,1.08696,0.999671,49.3096,0.386761,1.14225,343.104,290.118,406.25,0.000051983,3.13695,,,,0.105991,0.084065,0.782726,0.0272066,0.000003539,0.000007862
bowel_sounds_signal,52988441,bowel_sounds_signal,216,annotation,SB,387.476,387.548,0.0723125,0.02,0.276577,-32.746,-27.3695,-16.6155,16.1305,-36.764,1,,,1,,,16.6667,0.193605,51.6129,0.236368,0,60.9927,132.982,203.125,0.000279967,1.30118,,,,0.355732,0.259662,0.381232,0.00324691,0.000043994,0.000082515
bowel_sounds_signal,52988441,bowel_sounds_signal,217,annotation,SB,387.548,387.645,0.096375,0,0,-42.1121,-240,-26.4566,15.6555,-41.253,1,,,1,,,12.5,0.979231,144.799,0.236407,0.00452489,123.673,145.607,234.375,0.00377615,0.879452,,,,0.3431,0.309764,0.33377,0.011025,0.00134921,0.000991105
bowel_sounds_signal,52988441,bowel_sounds_signal,218,annotation,SB,387.97,388.102,0.132562,0.0825625,0.622819,-20.6724,-18.6195,-2.92355,17.7488,-35.3631,2,20,0.05,2,20,0.05,11.1111,0.861238,45.7798,0.387654,0.00143062,92.9722,141.535,265.625,0.000021092,1.48756,0.0422208,0.126663,5.35568,0.437594,0.159831,0.394319,0.00824841,0.0000019,0.000005251
bowel_sounds_signal,52988441,bowel_sounds_signal,219,annotation,MB,389.09,391.354,2.26425,0.77,0.340068,-34.8465,-30.2882,-7.70649,27.14,-43.01,12,4.91071,0.17,29,12.4444,0.065,0.613497,0.561456,59.2593,0.266347,0.892461,189.761,111.568,203.125,0.00031451,1.51809,,,,0.550181,0.140143,0.307326,0.00223529,0.000057272,0.000056523
bowel_sounds_signal,52988441,bowel_sounds_signal,220,annotation,CRS,391.354,391.812,0.457688,0.23,0.502526,-29.6042,-26.651,-6.85671,22.7475,-40.7997,2,2.27273,0.44,5,9.52381,0.105,20,0.52123,45.0704,0.396312,0.622622,233.703,220.035,328.125,0.000066925,7.47849,0.101044,0.303132,32.2187,0.0445351,0.234761,0.717858,0.00282706,0.000008188,0.000010564
bowel_sounds_signal,52988441,bowel_sounds_signal,221,annotation,CRS,392.053,393.076,1.02375,0.61,0.595849,-32.536,-30.4016,-14.6101,17.926,-38.1123,4,3.2967,0.09,10,9.89011,0.09,1.0101,0.997522,283.386,0.562054,0.278779,334.718,288.194,375,0.000091108,2.38021,,,,0.0494073,0.0534849,0.88673,0.0103139,0.000054678,0.00000884
bowel_sounds_signal,52988441,bowel_sounds_signal,222,annotation,SB,393.209,393.341,0.132562,0.06,0.452617,-41.0586,-37.9971,-25.5598,15.4988,-41.3085,1,,,2,20,0.05,,-0.0577039,39.312,0.200423,0,75.7768,170.103,250,0.00250829,2.42486,,,,0.44409,0.161822,0.350441,0.0397482,0.00345503,0.000443581
bowel_sounds_signal,52988441,bowel_sounds_signal,223,annotation,SB,394.052,394.136,0.084375,0,0,-42.2109,-240,-28.7695,13.4414,-38.9924,1,,,1,,,,-0.292095,49.0056,0.157983,0.00459418,44.7949,135.031,171.875,0.00405224,1.43344,,,,0.416078,0.36656,0.193966,0.0207053,0.000795185,0.00189557
bowel_sounds_signal,52988441,bowel_sounds_signal,224,annotation,SB,394.389,394.485,0.0964375,0.02,0.207388,-43.5312,-37.1734,-27.4127,16.1185,-42.8344,2,11.1111,0.09,2,14.2857,0.07,,-0.3508,98.7654,0.72785,0,291.074,253.603,390.625,0.00284674,6.20957,,,,0.156554,0.111898,0.689732,0.0398863,0.00100697,0.000922919
bowel_sounds_signal,52988441,bowel_sounds_signal,225,annotation,MB,395.003,396.051,1.04781,0.31,0.295854,-33.7086,-28.9349,-15.6399,18.0687,-39.7541,6,7.14286,0.14,12,11.9565,0.07,1.08696,0.645449,40.2741,0.302009,0.127865,109.883,69.6,109.375,0.000070964,1.00464,,,,0.787273,0.125671,0.0858379,0.00119557,0.000013088,0.000009698
bowel_sounds_signal,52988441,bowel_sounds_signal,226,annotation,MB,398.412,399.917,1.5055,0.58,0.385254,-34.1135,-30.2006,-13.5756,20.5379,-38.2918,4,2.41935,0.13,18,13.7097,0.07,0.724638,0.991761,55.7491,0.302606,0.843486,110.792,129.235,234.375,0.000193554,1.01296,,,,0.483246,0.177092,0.321082,0.0185305,0.000023222,0.00002628
bowel_sounds_signal,52988441,bowel_sounds_signal,227,annotation,SB,400.158,400.266,0.108438,0.02,0.184438,-40.3771,-33.6777,-23.1577,17.2195,-43.1937,1,,,2,25,0.04,11.1111,0.990236,56.1404,0.145142,0,120.692,114.846,203.125,0.000642014,3.86213,,,,0.46215,0.221552,0.313423,0.00241962,0.000257637,0.00019714
bowel_sounds_signal,52988441,bowel_sounds_signal,228,annotation,SB,401.588,401.667,0.0788125,0,0,-33.745,-240,-21.9767,11.7683,-29.7309,1,,,1,,,,-0.589914,301.887,0.506238,0,298.024,286.612,343.75,0.000076307,9.53677,,,,0.0303907,0.0382463,0.927138,0.00419699,0.000013721,0.000014586
bowel_sounds_signal,52988441,bowel_sounds_signal,229,annotation,SB,401.694,401.766,0.071625,0,0,-36.5973,-240,-22.063,14.5343,-35.0174,1,,,1,,,16.6667,0.343776,290.909,0.505155,0,290.819,272.616,328.125,0.000232865,3.72248,,,,0.0751857,0.00518062,0.915151,0.0043026,0.000140221,0.000040285
bowel_sounds_signal,52988441,bowel_sounds_signal,230,annotation,SB,401.766,401.852,0.086,0,0,-35.8315,-240,-20.2012,15.6303,-37.2244,1,,,1,,,14.2857,0.993914,290.909,0.523288,0,292.881,288.965,343.75,0.000089919,3.74888,,,,0.0229008,0.00880631,0.959861,0.00840264,0.000014963,0.000014667
bowel_sounds_signal,52988441,bowel_sounds_signal,231,annotation,SB,402.26,402.339,0.078875,0,0,-41.2588,-240,-27.4391,13.8197,-38.941,1,,,1,,,16.6667,0.175254,41.4508,0.148316,0,85.6405,122.828,187.5,0.000251675,0.685124,,,,0.344812,0.345314,0.308672,0.00107818,0.000054724,0.000069486
bowel_sounds_signal,52988441,bowel_sounds_signal,232,annotation,MB,402.892,404.073,1.18169,0.44,0.372349,-38.4879,-35.1593,-18.9242,19.5637,-40.4438,4,4.83871,0.13,15,14,0.065,0.884956,0.975937,48.1928,0.187173,0.644779,80.9955,117.364,203.125,0.000671525,0.647964,,,,0.46508,0.272237,0.259055,0.00338722,0.000109703,0.00013058
bowel_sounds_signal,52988441,bowel_sounds_signal,233,annotation,SB,406.057,406.107,0.0501875,0.02,0.398506,-39.3039,-35.3637,-25.4903,13.8136,-44.7095,1,,,1,,,,,44.9438,0.782763,0,87.6214,189.283,218.75,0.016332,1.86926,,,,0.467873,0.280388,0.217764,0.0194738,0.00559437,0.008907
bowel_sounds_signal,52988441,bowel_sounds_signal,234,annotation,SB,406.107,406.15,0.043,0,0,-37.8641,-240,-24.7886,13.0755,-36.8465,1,,,1,,,,,39.604,0.144691,0,93.8227,149.681,218.75,0.0027643,1.00078,,,,0.276082,0.370009,0.34259,0.00926521,0.00075372,0.00130009
bowel_sounds_signal,52988441,bowel_sounds_signal,235,annotation,CRS,406.207,406.401,0.193375,0.12,0.620556,-24.8267,-22.8327,-8.48903,16.3377,-30.7786,1,,,2,9.09091,0.11,20,0.180571,120.681,0.359762,0.287197,433.92,358.376,453.125,0.000970303,9.25695,,,,0.0212596,0.031448,0.874784,0.072089,0.000067052,0.000352666
bowel_sounds_signal,52988441,bowel_sounds_signal,236,annotation,MB,406.401,407.382,0.981125,0.63,0.64212,-30.8342,-29.0045,-7.88358,22.9506,-35.701,4,4.16667,0.11,13,14.2857,0.055,1.25,0.839171,160.808,0.301118,0.543715,309.741,248.682,328.125,0.00177154,1.98234,0.0579138,0.173741,24.4745,0.102705,0.0879741,0.802463,0.00607463,0.000097518,0.000686425
bowel_sounds_signal,52988441,bowel_sounds_signal,237,annotation,MB,409.394,410.218,0.823562,0.38,0.46141,-34.6022,-31.4105,-17.3033,17.2989,-39.3639,7,8.21918,0.12,13,16.4384,0.055,1.25,0.999577,39.604,0.131505,0.820624,80.5353,71.5145,109.375,0.000349898,1.03085,,,,0.737086,0.175457,0.0862926,0.00103761,0.000049224,0.000077509
bowel_sounds_signal,52988441,bowel_sounds_signal,238,annotation,MB,412.416,413.598,1.18162,0.46,0.389294,-38.4626,-35.1259,-18.848,19.6145,-42.4319,7,5.21739,0.15,19,15.6522,0.06,0.869565,0.967537,64.7773,0.173691,0.541158,127.375,139.532,218.75,0.0009713,0.741093,,,,0.328834,0.296184,0.368599,0.00604568,0.000144121,0.000194144
bowel_sounds_signal,52988441,bowel_sounds_signal,239,annotation,SB,414.457,414.521,0.0645625,0,0,-27.1538,-240,-16.2341,10.9196,-23.8549,1,,,1,,,,,266.667,0.341139,0,41.6999,118.773,234.375,0.00002289,0.889597,,,,0.632721,0.0313425,0.332489,0.0034384,0.000005443,0.000003455
bowel_sounds_signal,52988441,bowel_sounds_signal,240,annotation,MB,415.954,417.343,1.38931,0.47,0.338297,-37.4625,-33.7122,-17.291,20.1716,-42.5946,8,5.14706,0.15,17,11.7647,0.075,0.787402,0.984225,246.154,0.177182,0.743142,91.7024,134.927,234.375,0.000324789,0.586895,,,,0.364219,0.270111,0.360518,0.00505066,0.00005184,0.000049325
bowel_sounds_signal,52988441,bowel_sounds_signal,241,annotation,MB,419.42,420.68,1.26044,0.56,0.44429,-39.3337,-36.7842,-18.3968,20.9368,-40.6068,5,5.97015,0.17,19,15,0.06,0.833333,0.906237,44.5904,0.215564,0.544425,106.238,131.819,203.125,0.000525535,0.849907,,,,0.33255,0.338952,0.323762,0.00455622,0.000088883,0.000091132
bowel_sounds_signal,52988441,bowel_sounds_signal,242,annotation,CRS,421.425,421.711,0.2865,0.18,0.628272,-22.3835,-20.3949,-6.54494,15.8385,-31.1621,1,,,2,33.3333,0.03,4.54545,0.764933,64.0721,0.352893,0.29763,95.1197,190.54,312.5,0.00001159,2.02922,,,,0.145595,0.288148,0.540517,0.0257381,8.87e-7,0.000001188
bowel_sounds_signal,52988441,bowel_sounds_signal,243,annotation,MB,423.129,424.525,1.3965,0.81,0.580021,-34.8593,-32.6946,-12.0588,22.8006,-39.9347,5,3.36134,0.175,22,16.8,0.05,0.729927,0.999895,78.6991,0.204893,0.766502,198.179,116.725,218.75,0.000145561,0.792714,,,,0.500939,0.211335,0.286399,0.00128604,0.000016387,0.000025001
bowel_sounds_signal,52988441,bowel_sounds_signal,244,annotation,MB,427.275,428.471,1.19594,0.42,0.351189,-38.7141,-35.086,-17.362,21.352,-41.5414,7,6.81818,0.14,16,14.1509,0.06,0.990099,0.517108,133.333,0.369136,0.985706,82.5103,134.98,218.75,0.000963222,0.48006,,,,0.357796,0.273366,0.362816,0.00570758,0.000102507,0.000211578
bowel_sounds_signal,52988441,bowel_sounds_signal,245,annotation,HS,430.541,430.677,0.136125,0.03,0.220386,-26.6782,-22.8866,-13.0691,13.6091,-23.5757,1,,,1,,,8.33333,0.928308,82.9016,0.45446,0,418.883,408.897,500,0.000017612,8.93617,,,,0.0103986,0.016182,0.767064,0.20635,0.000001419,0.000003703
bowel_sounds_signal,52988441,bowel_sounds_signal,246,annotation,HS,430.763,431.085,0.322313,0.23,0.713593,-24.5647,-23.1045,-10.3311,14.2336,-37.5073,1,,,2,7.14286,0.14,7.14286,0.782398,296.296,0.785087,0.215208,312.265,346.727,468.75,0.000018566,6.66164,,,,0.0073234,0.00806721,0.842356,0.142249,0.000001551,0.000002352
bowel_sounds_signal,52988441,bowel_sounds_signal,247,annotation,MB,431.085,432.302,1.2175,0.58,0.476386,-38.9943,-35.9509,-20.6363,18.3579,-42.6588,5,4.5977,0.19,15,13.0841,0.065,1.04167,0.46297,68.6695,0.301481,0.514556,44.0316,166.585,312.5,0.000514695,0.563605,,,,0.337929,0.203934,0.440402,0.0175903,0.000050584,0.000094461
bowel_sounds_signal,52988441,bowel_sounds_signal,248,annotation,SB,432.789,432.861,0.0716875,0,0,-32.7106,-240,-19.727,12.9836,-29.9872,1,,,1,,,16.6667,0.49594,333.333,0.524893,0,341.375,246.418,343.75,0.000028414,5.462,,,,0.219294,0.0304146,0.750198,0.000081612,0.00000281,0.000009439
bowel_sounds_signal,52988441,bowel_sounds_signal,249,annotation,MB,434.322,436.248,1.92637,0.566375,0.294011,-40.932,-36.2646,-20.64,20.2919,-44.2017,10,5.02793,0.11,23,12.2905,0.075,0.813008,0.348961,82.4742,0.411262,0.812835,76.7873,157.095,312.5,0.000362357,0.702055,,,,0.385787,0.170758,0.4413,0.00204414,0.000034972,0.000075064
bowel_sounds_signal,52988441,bowel_sounds_signal,250,annotation,SB,436.721,436.785,0.0645,0.02,0.310078,-39.1614,-34.7965,-28.5821,10.5793,-37.6027,1,,,1,,,,,79.2079,0.503837,0,61.3916,105.449,171.875,0.000428511,0.982266,,,,0.61457,0.188212,0.188448,0.00851994,0.000102264,0.000147748
bowel_sounds_signal,52988441,bowel_sounds_signal,251,annotation,SB,437.616,437.695,0.078875,0.03,0.380349,-31.4823,-27.4179,-17.215,14.2673,-38.9245,1,,,1,,,,-0.901329,39.2157,0.322044,0,202.764,122.532,218.75,0.000102383,4.32564,,,,0.454112,0.21314,0.328054,0.00464187,0.000019558,0.000032609
bowel_sounds_signal,52988441,bowel_sounds_signal,252,annotation,MB,438.06,439.736,1.67575,0.58,0.346114,-41.2469,-37.1617,-20.1862,21.0608,-42.3897,7,4.1958,0.14,25,14.8148,0.06,0.628931,0.922202,103.226,0.190251,0.759161,96.7842,134.792,218.75,0.0007781,0.774273,,,,0.33614,0.322804,0.33677,0.00402272,0.000110343,0.000152954
bowel_sounds_signal,52988441,bowel_sounds_signal,253,annotation,MB,441.991,443.352,1.36062,0.62,0.455673,-41.4263,-38.3531,-21.3037,20.1226,-43.7647,7,4.6875,0.195,19,14.0625,0.07,0.746269,0.999318,41.9948,0.308487,0.359477,85.9136,127.959,203.125,0.000657913,0.785496,,,,0.360078,0.313792,0.321495,0.00442948,0.000063822,0.000140747
bowel_sounds_signal,52988441,bowel_sounds_signal,254,annotation,SB,444.176,444.276,0.100312,0.03,0.299065,-36.507,-31.3258,-18.0058,18.5012,-46.6718,1,,,2,33.3333,0.03,11.1111,0.999858,168.421,0.5912,0,40.2041,134.34,312.5,0.000412777,1.28653,,,,0.620621,0.00593032,0.371548,0.00162778,0.000076958,0.000196432
bowel_sounds_signal,52988441,bowel_sounds_signal,255,annotation,MB,445.844,447.312,1.46812,0.59,0.401873,-34.932,-31.0835,-7.04239,27.8896,-42.3014,7,4.37956,0.14,20,13.8686,0.07,0.714286,0.988628,82.0513,0.153601,0.872594,341.088,269.433,421.875,0.000105049,0.779629,,,,0.120214,0.126989,0.734324,0.0184443,0.000016011,0.000013035
bowel_sounds_signal,52988441,bowel_sounds_signal,256,annotation,SB,449.432,449.482,0.0501875,0,0,-29.3764,-240,-17.5524,11.824,-26.835,1,,,1,,,,,219.178,0.367051,0,197.104,161.15,375,0.000363273,3.15366,,,,0.508973,0.0223213,0.467977,0.000561121,0.000087026,0.000079925
bowel_sounds_signal,52988441,bowel_sounds_signal,257,annotation,MB,450.57,451.63,1.05987,0.18,0.169831,-46.9391,-41.4364,-28.9107,18.0284,-44.8273,5,4.12371,0.205,13,12.3711,0.08,1.07527,0.412964,188.225,0.343038,0.636571,111.339,125.156,203.125,0.0012131,1.42514,,,,0.369834,0.358306,0.26626,0.00501529,0.000344852,0.000240697
bowel_sounds_signal,52988441,bowel_sounds_signal,258,annotation,MB,451.981,453.571,1.58981,0.64,0.402563,-40.6236,-36.9814,-20.3219,20.3017,-41.6901,10,6.04027,0.14,25,15.4839,0.055,0.769231,0.774198,78.7615,0.351097,0.737753,96.0928,139.752,218.75,0.00076055,1.22999,,,,0.298808,0.317366,0.379416,0.00414929,0.000118916,0.000142483
bowel_sounds_signal,52988441,bowel_sounds_signal,259,annotation,MB,456.736,457.66,0.923875,0.3,0.324719,-41.7498,-37.3403,-22.2929,19.4569,-42.0567,8,8.33333,0.08,17,18.6047,0.05,1.25,0.597442,48.5227,0.292303,0.628661,58.7652,137.386,218.75,0.000632986,0.417886,,,,0.350096,0.275633,0.367942,0.00606824,0.000154784,0.000106647
bowel_sounds_signal,52988441,bowel_sounds_signal,260,annotation,CRS,457.66,457.975,0.315125,0.21,0.666402,-30.2974,-28.5908,-16.8968,13.4006,-36.3502,1,,,3,18.1818,0.055,3.44828,0.999961,64.257,0.452745,1.11499,65.6255,191.298,343.75,0.000043876,1.05001,,,,0.386875,0.0683659,0.541576,0.00316882,0.000007945,0.000006134
bowel_sounds_signal,52988441,bowel_sounds_signal,261,annotation,SB,459.293,459.357,0.0645,0.02,0.310078,-42.627,-37.6455,-27.736,14.891,-45.9437,1,,,1,,,,,40.6091,0.105074,0,71.9492,127.012,171.875,0.00643881,1.53492,,,,0.613877,0.179477,0.187746,0.0134122,0.00308107,0.00240689
bowel_sounds_signal,52988441,bowel_sounds_signal,262,annotation,MB,460.453,462.902,2.44919,0.85,0.347054,-36.4462,-32.1705,-8.18023,28.2659,-41.6197,12,4.7619,0.12,30,12.6087,0.06,0.529101,0.528695,279.802,0.394897,0.715581,109.585,155.053,343.75,0.00104919,1.00192,,,,0.505184,0.0945247,0.387785,0.0120855,0.00008276,0.000338362
bowel_sounds_signal,52988441,bowel_sounds_signal,263,annotation,MB,463.89,465,1.11,0.34,0.306306,-40.3951,-37.148,-19.1268,21.2683,-42.2332,7,5.82524,0.135,16,14.4231,0.07,1.14943,0.496648,55.6546,0.32413,0.706444,109.509,132.478,187.5,0.0055445,3.50428,,,,0.431717,0.293652,0.267484,0.00404774,0.000368897,0.00272972
herring_fast_repetitive_tick,herring_fast_repetitive_tick-1,herring_fast_repetitive_tick,0,detected,herring_fast_repetitive_tick,0.01,0.05,0.04,0.04,1,-29.6377,-29.6377,-23.1385,6.49919,-33.8413,1,,,1,,,,,45.7143,0.854239,0,97.4429,133.844,125,0.00559095,2.07878,,,,0.175029,0.727265,0.0881917,0.00329292,0.00292505,0.0032964
herring_fast_repetitive_tick,herring_fast_repetitive_tick-1,herring_fast_repetitive_tick,1,detected,herring_fast_repetitive_tick,0.08,0.12,0.04,0.04,1,-27.1064,-27.1064,-20.4483,6.6581,-31.5411,1,,,1,,,,,90.9091,0.794122,0,89.5713,110.031,109.375,0.0034733,1.91085,,,,0.382027,0.573904,0.0379068,0.00232236,0.00174246,0.00209767
herring_fast_repetitive_tick,herring_fast_repetitive_tick-1,herring_fast_repetitive_tick,2,detected,herring_fast_repetitive_tick,0.17,0.48,0.31,0.31,1,-32.388,-32.388,-23.5113,8.87671,-36.7514,1,,,2,7.14286,0.14,5.55556,0.44815,101.911,0.563591,0.355561,95.8216,160.184,156.25,0.0164206,2.04419,,,,0.162318,0.656879,0.165374,0.00452666,0.00439116,0.00651135
herring_fast_repetitive_tick,herring_fast_repetitive_tick-1,herring_fast_repetitive_tick,3,detected,herring_fast_repetitive_tick,0.58,0.59,0.01,0,0,-30.9509,-240,-25.6589,5.29199,-32.8891,1,,,1,,,,,,,,85.7507,150.605,156.25,0.0106561,0.609783,,,,0.408508,0.39227,0.183024,0.00564039,0.00474223,0.00581532
herring_fast_repetitive_tick,herring_fast_repetitive_tick-1,herring_fast_repetitive_tick,4,detected,herring_fast_repetitive_tick,0.63,0.66,0.03,0.03,1,-32.9961,-32.9961,-26.1872,6.8089,-35.0464,1,,,1,,,,,86.9565,0.699996,0,95.0266,180.133,171.875,0.0130445,1.52042,,,,0.20275,0.566442,0.206855,0.00909268,0.00665743,0.00820321
herring_fast_repetitive_tick,herring_fast_repetitive_tick-1,herring_fast_repetitive_tick,5,detected,herring_fast_repetitive_tick,0.73,1.18,0.45,0.15,0.333333,-21.2313,-16.7302,-5.7806,15.4507,-22.0072,5,10.2564,0.05,6,12.8205,0.07,2.5,0.997196,307.692,0.312012,0,2478.36,2878.27,3531.25,0.115789,39.6538,,,,0.00340677,0.00598166,0.00193813,0.00153502,0.771937,0.215201
herring_fast_repetitive_tick,herring_fast_repetitive_tick-1,herring_fast_repetitive_tick,6,detected,herring_fast_repetitive_tick,1.21,1.38,0.17,0.04,0.235294,-30.014,-27.5969,-13.2679,16.7461,-26.3718,2,12.5,0.08,4,20,0.03,,-0.19378,410.256,0.361176,0,2468.99,2528.87,2671.88,0.0583471,79.0076,,,,0.0244676,0.0304022,0.0277588,0.00173154,0.831436,0.0842043
herring_fast_repetitive_tick,herring_fast_repetitive_tick-1,herring_fast_repetitive_tick,7,detected,herring_fast_repetitive_tick,1.41,1.44,0.03,0.03,1,-32.1832,-32.1832,-18.3735,13.8097,-35.4577,1,,,1,,,,,35.0877,0.696608,0,106.922,1249.68,3890.63,0.0716576,0.977575,,,,0.14547,0.422703,0.156029,0.00747089,0.0694815,0.198845
herring_fast_repetitive_tick,herring_fast_repetitive_tick-1,herring_fast_repetitive_tick,8,detected,herring_fast_repetitive_tick,1.49,1.54,0.05,0.05,1,-33.0677,-33.0677,-19.6718,13.3958,-38.0567,1,,,1,,,,,41.4508,0.300367,0,122.867,2330.01,5406.25,0.174657,3.93173,,,,0.145106,0.197967,0.113227,0.00652528,0.165484,0.371691
herring_fast_repetitive_tick,herring_fast_repetitive_tick-1,herring_fast_repetitive_tick,9,detected,herring_fast_repetitive_tick,1.57,1.58,0.01,0,0,-34.2704,-240,-28.6352,5.63523,-36.2086,1,,,1,,,,,,,,192.452,271.498,265.625,0.0222689,1.11972,,,,0.116649,0.180987,0.667162,0.0163931,0.00678935,0.0120195
herring_fast_repetitive_tick,herring_fast_repetitive_tick-1,herring_fast_repetitive_tick,10,detected,herring_fast_repetitive_tick,1.62,1.75,0.13,0.13,1,-32.5802,-32.5802,-18.6937,13.8864,-36.3074,1,,,2,12.5,0.08,11.1111,0.682334,49.8442,0.480465,0.143878,102.135,1230.29,3906.25,0.107794,2.17887,,,,0.124051,0.495092,0.121288,0.00403552,0.0676989,0.187834
herring_fast_repetitive_tick,herring_fast_repetitive_tick-1,herring_fast_repetitive_tick,11,detected,herring_fast_repetitive_tick,1.78,2.11,0.33,0.33,1,-31.8464,-31.8464,-19.6284,12.2179,-37.0867,1,,,4,10.7143,0.07,14.2857,0.250846,67.4064,0.500365,0.327068,93.4623,739.871,265.625,0.0762605,2.99079,,,,0.19532,0.547308,0.114965,0.00332775,0.0291186,0.10996
herring_fast_repetitive_tick,herring_fast_repetitive_tick-1,herring_fast_repetitive_tick,12,detected,herring_fast_repetitive_tick,2.14,2.32,0.18,0.18,1,-31.47,-31.47,-18.7374,12.7327,-36.2803,1,,,2,14.2857,0.07,7.69231,0.82023,52.3767,0.752721,0.362351,104.226,422.575,156.25,0.045994,2.22349,,,,0.0767112,0.728697,0.122825,0.00316273,0.0145957,0.0540078
herring_fast_repetitive_tick,herring_fast_repetitive_tick-1,herring_fast_repetitive_tick,13,detected,herring_fast_repetitive_tick,2.36,2.63,0.27,0.27,1,-32.0913,-32.0913,-16.9322,15.1591,-37.2474,1,,,3,9.52381,0.105,4.16667,0.688515,87.1993,0.497765,0.37678,93.7804,511.544,171.875,0.0578034,1.50049,,,,0.210843,0.581039,0.115491,0.00343443,0.023802,0.0653916
herring_fast_repetitive_tick,herring_fast_repetitive_tick-1,herring_fast_repetitive_tick,14,detected,herring_fast_repetitive_tick,2.67,2.79,0.12,0.12,1,-32.7437,-32.7437,-19.7787,12.9651,-36.728,1,,,2,16.6667,0.06,10,0.998689,81.842,0.513519,0.00255754,152.506,304.277,171.875,0.029612,3.25346,,,,0.139099,0.451638,0.36825,0.00562176,0.00864608,0.026745
herring_fast_repetitive_tick,herring_fast_repetitive_tick-1,herring_fast_repetitive_tick,15,detected,herring_fast_repetitive_tick,2.82,2.85,0.03,0.03,1,-31.5014,-31.5014,-20.1096,11.3918,-34.2215,1,,,1,,,,,40,0.535313,0,92.9466,1304.51,4593.75,0.0563813,1.48715,,,,0.250927,0.390032,0.125415,0.00285534,0.0380346,0.192735
herring_fast_repetitive_tick,herring_fast_repetitive_tick-1,herring_fast_repetitive_tick,16,detected,herring_fast_repetitive_tick,2.89,2.94,0.05,0.05,1,-31.4126,-31.4126,-24.4697,6.94294,-33.8736,1,,,1,,,,,91.954,0.840002,0,94.4523,136.773,109.375,0.00740868,3.02247,,,,0.180804,0.736519,0.0712545,0.00359563,0.00385513,0.0039715
herring_fast_repetitive_tick,herring_fast_repetitive_tick-1,herring_fast_repetitive_tick,17,detected,herring_fast_repetitive_tick,2.97,3.11,0.14,0.14,1,-31.7356,-31.7356,-18.6287,13.1069,-35.9093,1,,,1,,,,0.0470444,87.9121,0.588736,0.0127177,91.0057,341.972,156.25,0.0321995,2.91218,,,,0.238211,0.539191,0.169127,0.00478943,0.0130409,0.0356409
herring_fast_repetitive_tick,herring_fast_repetitive_tick-1,herring_fast_repetitive_tick,18,detected,herring_fast_repetitive_tick,3.14,3.16,0.02,0.02,1,-31.2799,-31.2799,-20.1677,11.1122,-34.0685,1,,,1,,,,,,,,124.632,2473.96,6093.75,0.139883,1.32941,,,,0.0515194,0.301259,0.158108,0.00818352,0.112413,0.368518
herring_fast_repetitive_tick,herring_fast_repetitive_tick-1,herring_fast_repetitive_tick,19,detected,herring_fast_repetitive_tick,3.19,3.22,0.03,0.03,1,-31.2853,-31.2853,-24.8343,6.451,-33.5447,1,,,1,,,,,89.3855,0.831993,0,91.5077,181.792,203.125,0.0150483,1.46412,,,,0.272634,0.49892,0.199309,0.0157502,0.00584207,0.0075447
herring_fast_repetitive_tick,herring_fast_repetitive_tick-1,herring_fast_repetitive_tick,20,detected,herring_fast_repetitive_tick,3.25,3.26,0.01,0,0,-33.6519,-240,-27.9339,5.71796,-35.5901,1,,,1,,,,,,,,58.4038,258.662,296.875,0.0360782,0.533978,,,,0.41117,0.266603,0.252239,0.0440022,0.0110543,0.0149322
herring_fast_repetitive_tick,herring_fast_repetitive_tick-1,herring_fast_repetitive_tick,21,detected,herring_fast_repetitive_tick,3.29,3.33,0.04,0.04,1,-32.9337,-32.9337,-19.7205,13.2132,-38.1478,1,,,1,,,,,49.5356,0.355668,0,81.9532,3029.71,5437.5,0.187342,1.049,,,,0.109421,0.0973919,0.0476022,0.00294499,0.298305,0.444335
herring_fast_repetitive_tick,herring_fast_repetitive_tick-1,herring_fast_repetitive_tick,22,detected,herring_fast_repetitive_tick,3.5,3.52,0.02,0.02,1,-31.0642,-31.0642,-19.2336,11.8306,-33.4732,1,,,1,,,,,,,,2455.66,3777.97,6250,0.185978,26.1937,,,,0.0393833,0.0264001,0.085695,0.0167821,0.273946,0.557793
herring_fast_repetitive_tick,herring_fast_repetitive_tick-1,herring_fast_repetitive_tick,23,detected,herring_fast_repetitive_tick,3.61,3.71,0.1,0.1,1,-31.8202,-31.8202,-18.0171,13.8031,-35.9553,1,,,1,,,,-0.1925,96.72,0.656455,0.021148,93.4416,225.836,109.375,0.0243545,2.99013,,,,0.20043,0.684939,0.0786472,0.00367406,0.014472,0.0178379
herring_fast_repetitive_tick,herring_fast_repetitive_tick-1,herring_fast_repetitive_tick,24,detected,herring_fast_repetitive_tick,3.74,3.77,0.03,0.03,1,-33.2472,-33.2472,-25.0144,8.23274,-37.0911,1,,,1,,,,,45.977,0.913358,0,94.0532,187.746,140.625,0.017346,1.50485,,,,0.279204,0.57636,0.115556,0.00703941,0.012104,0.00973769
herring_fast_repetitive_tick,herring_fast_repetitive_tick-1,herring_fast_repetitive_tick,25,detected,herring_fast_repetitive_tick,3.83,3.92,0.09,0.09,1,-32.4547,-32.4547,-17.3829,15.0718,-36.2739,1,,,2,14.2857,0.07,,-0.640759,51.531,0.36427,0.00483092,101.333,1010.37,2500,0.0947104,2.16176,,,,0.0474051,0.426181,0.285635,0.00479201,0.114005,0.121982
herring_fast_repetitive_tick,herring_fast_repetitive_tick-1,herring_fast_repetitive_tick,26,detected,herring_fast_repetitive_tick,3.95,4.01,0.06,0.06,1,-33.791,-33.791,-26.8843,6.90665,-36.4112,1,,,1,,,,,50.9554,0.667557,0,98.8217,185.045,156.25,0.0158588,2.1082,,,,0.088622,0.668953,0.216369,0.00790943,0.00803238,0.0101141
herring_fast_repetitive_tick,herring_fast_repetitive_tick-1,herring_fast_repetitive_tick,27,detected,herring_fast_repetitive_tick,4.11,4.13,0.02,0.02,1,-30.4686,-30.4686,-17.871,12.5976,-33.2833,1,,,1,,,,,,,,2446.85,3013.28,6000,0.169258,31.3197,,,,0.0694646,0.109717,0.135897,0.0192607,0.239535,0.426125
herring_fast_repetitive_tick,herring_fast_repetitive_tick-1,herring_fast_repetitive_tick,28,detected,herring_fast_repetitive_tick,4.18,4.21,0.03,0.03,1,-33.9419,-33.9419,-27.3564,6.58548,-36.5029,1,,,1,,,,,50.4732,0.933107,0,98.5743,162.613,140.625,0.0132179,1.57719,,,,0.256627,0.621464,0.10309,0.00465671,0.00559772,0.00856561
herring_fast_repetitive_tick,herring_fast_repetitive_tick-1,herring_fast_repetitive_tick,29,detected,herring_fast_repetitive_tick,4.27,4.29,0.02,0.02,1,-33.565,-33.565,-27.1732,6.39178,-35.812,1,,,1,,,,,,,,105.056,175.692,140.625,0.0156925,1.1206,,,,0.241452,0.623363,0.10841,0.0100207,0.00795879,0.00879489
herring_fast_repetitive_tick,herring_fast_repetitive_tick-1,herring_fast_repetitive_tick,30,detected,herring_fast_repetitive_tick,4.34,4.37,0.03,0.03,1,-30.5105,-30.5105,-16.7189,13.7917,-34.4948,1,,,1,,,,,48.9297,0.503056,0,96.0004,1540.39,5218.75,0.0795575,1.53601,,,,0.172792,0.435184,0.0621188,0.0115963,0.0970322,0.221277
herring_fast_repetitive_tick,herring_fast_repetitive_tick-1,herring_fast_repetitive_tick,31,detected,herring_fast_repetitive_tick,4.49,4.52,0.03,0.03,1,-34.3917,-34.3917,-27.7727,6.61902,-37.5026,1,,,1,,,,,45.7143,0.85306,0,87.7677,186.69,140.625,0.0190939,1.40428,,,,0.360869,0.561126,0.0471503,0.00812513,0.0113578,0.0113715
herring_fast_repetitive_tick,herring_fast_repetitive_tick-1,herring_fast_repetitive_tick,32,detected,herring_fast_repetitive_tick,4.58,4.68,0.1,0.1,1,-31.3854,-31.3854,-19.6701,11.7152,-37.5104,1,,,2,16.6667,0.06,,-0.020614,102.114,0.50557,0.044586,98.4702,238.581,156.25,0.0171976,2.1007,,,,0.101169,0.740711,0.126597,0.0033982,0.00676569,0.0213582
herring_fast_repetitive_tick,herring_fast_repetitive_tick-1,herring_fast_repetitive_tick,33,detected,herring_fast_repetitive_tick,4.71,4.72,0.01,0,0,-33.1133,-240,-27.1584,5.95495,-35.0515,1,,,1,,,,,,,,109.774,403.046,281.25,0.0818382,0.878192,,,,0.231278,0.438478,0.226332,0.036621,0.0258677,0.0414233
herring_fast_repetitive_tick,herring_fast_repetitive_tick-1,herring_fast_repetitive_tick,34,detected,herring_fast_repetitive_tick,4.75,4.77,0.02,0.02,1,-32.5097,-32.5097,-26.2111,6.29861,-35.1237,1,,,1,,,,,,,,92.9221,140.366,125,0.00916359,0.991169,,,,0.406674,0.532967,0.0395689,0.00938476,0.00518319,0.0062219
herring_fast_repetitive_tick,herring_fast_repetitive_tick-1,herring_fast_repetitive_tick,35,detected,herring_fast_repetitive_tick,4.81,5.12,0.31,0.04,0.129032,-27.7378,-24.3747,-18.4153,9.32255,-25.1162,3,7.69231,0.13,4,10.7143,0.1,4,0.834721,94.235,0.803321,0.0352941,95.7026,111.571,109.375,0.00336884,3.06248,,,,0.144947,0.80615,0.0449417,0.00121329,0.00102548,0.00172286
herring_fast_repetitive_tick,herring_fast_repetitive_tick-1,herring_fast_repetitive_tick,36,detected,herring_fast_repetitive_tick,5.17,5.18,0.01,0,0,-30.4638,-240,-26.042,4.42176,-32.402,1,,,1,,,,,,,,111.849,281.355,296.875,0.0449334,0.795368,,,,0.209647,0.357274,0.35302,0.0513611,0.0151778,0.0135199
herring_fast_repetitive_tick,herring_fast_repetitive_tick-1,herring_fast_repetitive_tick,37,detected,herring_fast_repetitive_tick,5.21,5.52,0.31,0.07,0.225806,-29.522,-27.334,-19.9117,9.61037,-26.5528,3,8.69565,0.115,3,8.69565,0.115,3.7037,0.850906,84.6561,0.557141,0,155.13,144.91,156.25,0.00478288,4.96416,,,,0.20758,0.391331,0.39465,0.00165516,0.00159497,0.00318897
herring_fast_repetitive_tick,herring_fast_repetitive_tick-1,herring_fast_repetitive_tick,38,detected,herring_fast_repetitive_tick,5.56,5.76,0.2,0.2,1,-30.8936,-30.8936,-22.4855,8.40811,-35.6998,1,,,2,5.88235,0.17,7.69231,0.486325,65.3968,0.593379,0.25133,97.3522,147.499,156.25,0.010651,2.07685,,,,0.117713,0.650219,0.221431,0.00292342,0.00340345,0.00431072
herring_fast_repetitive_tick,herring_fast_repetitive_tick-1,herring_fast_repetitive_tick,39,detected,herring_fast_repetitive_tick,5.79,5.98306,0.193062,0.193062,1,-30.869,-30.869,-20.976,9.893,-35.808,1,,,1,,,5.55556,0.958098,82.7011,0.645924,0.043625,89.6612,145.172,156.25,0.0111306,1.91277,,,,0.2233,0.548375,0.21704,0.0034447,0.00308134,0.00475957
human_burp_public_domain,human_burp_public_domain-1,burp,0,annotation,burp,0.2,0.82,0.62,0.43,0.693548,-20.7052,-19.1188,-1.12663,19.5785,-39.0589,1,,,5,10.2564,0.08,,-0.958751,107.218,0.575759,0.701636,610.662,755.641,703.125,0.0256359,19.5412,,,,0.000823153,0.0626106,0.1742,0.688452,0.0292556,0.0446586
wet_fart_tummy_rumble_public_domain,wet_fart_tummy_rumble_public_domain-1,wet_fart_tummy_rumble,0,annotation,wet_fart,0.39,1.39,1,0.39,0.39,-28.252,-24.4101,-11.0708,17.1812,-32.3419,5,4.16667,0.115,8,7.29167,0.06,1.02041,0.999796,86.4865,0.307713,0.551794,196.548,241.552,343.75,0.000209164,2.51581,,,,0.0387346,0.176813,0.73178,0.0518926,0.00075062,0.000028673
wet_fart_tummy_rumble_public_domain,wet_fart_tummy_rumble_public_domain-1,wet_fart_tummy_rumble,1,annotation,tummy_rumble,2.53,8.18,5.65,1.66,0.293805,-42.1266,-38.3912,-21.1461,20.9805,-40.0317,27,4.60993,0.135,88,15.4529,0.05,20,0.580723,313.725,0.44571,0.458755,77.5162,319.335,640.625,0.000636338,0.992207,,,,0.280327,0.0637022,0.419531,0.235991,0.000397314,0.00005127
