Parameter Name,Description,Instrument Count,Instruments
Audio On/Off Toggle,Global audio engine master enable/disable toggle.,127,Algorithmic Mazes; Annealogue; Atomic Orbitals; Bell Square; Boidzoid; Mouthophones; Candy Coil Delay; Cantor Lock; Cascading FM; Cascading PM; Automatapoeia; Chaotic FM; Chaotic PM; Charge Garden; Chladni Plate; Monstrozoid; Morphazoid Composer; Creaturazoid; Digestazoid; DJ Dijkstra; DNA Translator; Double Pendulum; Entanglement Dance; Enveloper; Escape Dust; Escher; Euclidean Pulse; Falling Forms; FM Drums; Fourier Epicycles; Gear Ratio Drums; Geodesic Drift; Graph Drum Machine; Graph Synth; Gravity Lens; Gravity Walk; Hanoi Carillon; Harmonicazoid; Hiccup Head; Hocket Luigi; Hybrinx; Hyper; Hyper Drum Machine; Hyper Rubix; Hyper-Syrinx; Jaw Harp; Jaw Jam; Julia; Julie Saw; Karplus Carpet; Karplus Strong; Klein Bottle; L-System; L-System Drum Machine; Lattice; Lattice Drum Machine; Rattlesnake; Rattle Snake Skin; Linebreaker; Lissajous Orbits; Lumber Loops; Micromorph; Alpha-Beta Minimax; Möbius; Fabric Filter; RISSET-MOIRE; Morphazoidical; Morphynx; Neural Pulse; N-Queens Backtracker; Dentaphone; Feral Fairy Ferris Ferry; Order Tones; Ouroboros; Ouroboros Borealis; Ourorourobouroboros; Packing Pressure; Paths; Pendulum Wave; Penrose Tilings; Pink Trombonazoid; Plasma Ball; Playhead Paint; Plugazoid; Prime Sieve; Puggler the Punk Rock Jugger; Quadruped; Quantum Square Dance; Reaction-Diffusion; Recursion; Recursive FM; Recursive PM; Ricochet; Rigidity; Rolling Measure; Rubix Cube Sequencer; Sample Drums; Sandy Syrup Delay; Modular Shader Synth; Shape; Shape Drum Machine; Shepard–Risset; SIMD 303; SIMD Resonator; SIMD SYNTH; Sliding Puzzle; Solid; Solid Drum Machine; Sorting; Spiral; Spiral Drum Machine; Spring Choir; Striped Staircase; Surround for Safety; Syrinx; Throat Singing; Throatazoid; Tiles; Tongued Beasts; Vector Flight; Vocalzoid; Wave Pool; WebGPU 303; WebGPU Chiptune; GPU Shader Synths; Weierstrass; Yoyodyne
Output Level Slider (master gain),Master audio output level and gain control slider.,115,Algorithmic Mazes; Alien Larynx; Annealogue; Atomic Orbitals; Bell Square; Blowhole; Mouthophones; Candy Coil Delay; Cantor Lock; Cascading FM; Cascading PM; Automatapoeia; Chaotic FM; Chaotic PM; Chladni Plate; Morphazoid Composer; Digestazoid; DJ Dijkstra; DNA Translator; Double Pendulum; Entanglement Dance; Escape Dust; Euclidean Pulse; FM Drums; Fourier Epicycles; Gear Ratio Drums; Geodesic Drift; Gesturama; Graph Delay; Graph Drum Machine; Graph Synth; Gravity Lens; Hanoi Carillon; Harmonicazoid; Hiccup Head; Hocket Luigi; Hyper; Hyper Drum Machine; Hyper Rubix; Hyper-Syrinx; Wheel of Organs; Jaw Harp; Jaw Jam; Julia; Julie Saw; Karplus Carpet; Karplus Strong; Klein Bottle; L-System; L-System Drum Machine; Lattice; Lattice Drum Machine; Rattlesnake; Rattle Snake Skin; Linebreaker; Lissajous Orbits; Lumber Loops; L-system Delay; Micromorph; Alpha-Beta Minimax; Möbius; Fabric Filter; RISSET-MOIRE; Morphazoidical; Morphynx; Neural Pulse; N-Queens Backtracker; Dentaphone; Feral Fairy Ferris Ferry; Order Tones; Ouroboros; Ouroboros Borealis; Ourorourobouroboros; Paths; Pendulum Wave; Pink Trombonazoid; Plasma Ball; Playhead Paint; Plugazoid; Prime Sieve; Puggler the Punk Rock Jugger; Quantum Square Dance; Reaction-Diffusion; Recursion; Recursive FM; Recursive PM; Rubix Cube Sequencer; Sample Drums; Sandy Syrup Delay; Modular Shader Synth; Shape; Shape Drum Machine; SIMD 303; SIMD Resonator; SIMD SYNTH; Sliding Puzzle; Solid; Solid Drum Machine; Sorting; Spelling Synthesizer; Spider Synth; Spiral; Spiral Drum Machine; Spring Choir; srtuss Master; Striped Staircase; Throat Singing; Tiles; Vocalzoid; Wave Pool; WebGPU 303; WebGPU Chiptune; GPU Shader Synths; Weierstrass; Yoyodyne
Reset All Parameters Button,Restores all instrument parameters and scenes to default values.,62,Algorithmic Mazes; Alien Larynx; Atomic Orbitals; Candy Coil Delay; Cascading FM; Cascading PM; Chaotic FM; Chaotic PM; Charge Garden; DNA Translator; Double Pendulum; Drum Roll Please!; Falling Forms; FFmpeg Wasm; Fourier Epicycles; Geodesic Drift; Graph Delay; Graph Drum Machine; Gravity Lens; Gravity Walk; Harmonicazoid; Hyper; Jaw Harp; Julia; Julie Saw; Karplus Strong; Kinetic Hull; Klein Bottle; L-System; L-System Drum Machine; L-Systems; Lattice; Rattlesnake; Lumber Loops; L-system Delay; Micromorph; Möbius; Fabric Filter; Morphynx; Neural Pulse; Ouroboros; Ouroborousel; Ourorourobouroboros; Packing Pressure; Paths; Pink Trombonazoid; Puggler the Punk Rock Jugger; Reaction-Diffusion; Recursion; Recursive FM; Recursive PM; Ricochet; Rigidity; Rolling Measure; Shepard–Risset; SIMD Resonator; Solid; Spiral; Striped Staircase; Syrinx; Throat Singing; Throatazoid
Play/Pause Transport Button,"Starts, pauses, or toggles the main playback transport.",39,Algorithmic Mazes; Annealogue; Bell Square; Charge Garden; Creaturazoid; Entanglement Dance; Enveloper; Falling Forms; Geodesic Drift; Graph Drum Machine; Graph Synth; Gravity Walk; Hybrinx; Hyper; Julia; Kinetic Hull; Klein Bottle; L-System; L-System Drum Machine; Rattle Snake Skin; Möbius; Ouroboros; Ouroborousel; Ourorourobouroboros; Packing Pressure; Paths; Playhead Paint; Puggler the Punk Rock Jugger; Quadruped; Quantum Square Dance; Ricochet; Rigidity; Rolling Measure; Shape; Shape Drum Machine; Solid; Spiral; Tiles; Tongued Beasts
Base/Carrier Frequency Slider,Fundamental base frequency or carrier oscillator pitch.,27,Chaotic FM; Chaotic PM; Charge Garden; DJ Dijkstra; Euclidean Pulse; Falling Forms; Geodesic Drift; Gravity Walk; Hanoi Carillon; Hyper; Kinetic Hull; Klein Bottle; L-Systems; Lattice; Alpha-Beta Minimax; Möbius; Morphazoidical; N-Queens Backtracker; Packing Pressure; Recursive FM; Recursive PM; Ricochet; Rigidity; Rolling Measure; Shape; Solid; Spiral
Keyboard Shortcuts (transport),Hardware computer-keyboard transport and trigger shortcuts.,22,Candy Coil Delay; Cantor Lock; Charge Garden; Shapes; Entanglement Dance; Euclidean Pulse; Falling Forms; Graph Drum Machine; Gravity Walk; Hanoi Carillon; L-System; Lumber Loops; Alpha-Beta Minimax; Fabric Filter; Morphazoidical; N-Queens Backtracker; Packing Pressure; Quantum Square Dance; Ricochet; Rigidity; Rolling Measure; SIMD Resonator
Voice/Engine/Preset Select,"Selects the active synthesis engine, voice mode, or preset.",19,Algorithmic Mazes; Shapes; Gesturama; Graph Synth; Harmonicazoid; Hiccup Head; Jaw Jam; Julie Saw; L-System; Lattice; Rattle Snake Skin; Morphazoidical; Paths; Penrose Tilings; Pink Trombonazoid; SIMD Resonator; SIMD SYNTH; Solid; Spiral
Reset (Scene/Form/Vertices/Tile/View/System) Button,Action trigger button.,17,Hyper; Hyper Rubix; Julia; L-System; L-System Drum Machine; Lattice; Lattice Drum Machine; Roach Synth; Shape Drum Machine; SIMD 303; Solid; Solid Drum Machine; Spider Synth; Spiral; Spiral Drum Machine; Tiles; WebGPU 303
Pitch Range Slider,Controls the span of pitches mapped across geometry or time.,15,Charge Garden; Falling Forms; Gravity Walk; Hyper; L-Systems; Lattice; Morphazoidical; Packing Pressure; Penrose Tilings; Ricochet; Rigidity; Rolling Measure; Shape; Solid; Spiral
Speed/Scan/Traversal Rate Slider,"Rate of playhead scanning, geometric traversal, or animation.",12,Algorithmic Mazes; Atomic Orbitals; Boidzoid; DNA Translator; Julia; L-System; L-System Drum Machine; Ouroboros; Paths; Prime Sieve; Striped Staircase; Tiles
Direction Toggle (forward/reverse),Reverses traversal or scanning direction (forward / reverse).,12,Algorithmic Mazes; Hyper; Julia; Klein Bottle; L-System; Lattice; Möbius; Ouroboros; Ourorourobouroboros; Paths; Solid; Spiral
Restart / Restart-loop Button,Resets playback phase or algorithm loop to the start state.,11,Automatapoeia; DJ Dijkstra; Enveloper; Escape Dust; Euclidean Pulse; Hanoi Carillon; Alpha-Beta Minimax; N-Queens Backtracker; Rubix Cube Sequencer; Sliding Puzzle; Sorting
Position/Growth/Frontier Position Slider,Continuous slider control.,9,Algorithmic Mazes; DJ Dijkstra; Euclidean Pulse; Hanoi Carillon; L-System; L-System Drum Machine; Alpha-Beta Minimax; N-Queens Backtracker; Paths
Animal/Character/Body Preset Select,"Selects the active synthesis engine, voice mode, or preset.",8,Cascading PM; Chaotic PM; Hybrinx; Recursive PM; Roach Synth; Spider Synth; Syrinx; Tongued Beasts
Seed / Reseed / Randomize Button,Generates or steps to a new pseudo-random generation seed.,8,Algorithmic Mazes; Graph Delay; Graph Drum Machine; Graph Synth; L-system Delay; Paths; Roach Synth; Spider Synth
Tempo Slider,Playback tempo in beats per minute (BPM).,8,Creaturazoid; Entanglement Dance; Hocket Luigi; Rattle Snake Skin; Quadruped; Rubix Cube Sequencer; Sliding Puzzle; Yoyodyne
Swing Slider,Rhythmic swing timing applied to alternating clock steps.,7,DJ Dijkstra; Euclidean Pulse; Hanoi Carillon; Alpha-Beta Minimax; N-Queens Backtracker; Rubix Cube Sequencer; Sliding Puzzle
Recursion/Iterations Depth Slider,Fractal iteration depth or recursive expansion steps.,7,Chaotic FM; Chaotic PM; L-System; L-System Drum Machine; Linebreaker; Recursive FM; Recursive PM
Stereo Spread Slider,Stereo width and spatial distribution across audio channels.,7,Drum Roll Please!; Graph Delay; L-System; Lumber Loops; Ouroboros; Ouroborousel; Ourorourobouroboros
Interactive Canvas/Stage (pointer drag),Interactive canvas stage allowing direct pointer dragging of nodes/geometry.,6,Graph Delay; Hybrinx; Klein Bottle; Möbius; Throatazoid; Tongued Beasts
Brightness/Lowpass Cutoff Slider,Filter cutoff frequency and spectral resonance control.,6,Drum Roll Please!; Ouroboros; Ouroboros Borealis; Ouroborousel; Ourorourobouroboros; Shepard–Risset
Chunk Length Slider,Continuous slider control.,6,SIMD 303; srtuss Master; Striped Staircase; WebGPU 303; WebGPU Chiptune; GPU Shader Synths
Root Note Slider,Continuous slider control.,6,Cascading FM; Cascading PM; Chaotic FM; Chaotic PM; Recursive FM; Recursive PM
DSP-reference Collapsible Panel,Stereo width and spatial distribution across audio channels.,6,Cascading FM; Cascading PM; Chaotic FM; Chaotic PM; Recursive FM; Recursive PM
Straighten Edges Button,Action trigger button.,5,Lattice; Lattice Drum Machine; Spiral; Spiral Drum Machine; Tiles
Stop Button,Action trigger button.,5,Morphazoid Composer; Rattle Snake Skin; Pink Trombonazoid; Playhead Paint; Vocalzoid
Undo (Move) Button,Action trigger button.,5,Hyper Rubix; Rattle Snake Skin; Playhead Paint; Rubix Cube Sequencer; Sliding Puzzle
Loop Search Checkbox,Interactive instrument control.,5,DJ Dijkstra; Euclidean Pulse; Hanoi Carillon; Alpha-Beta Minimax; N-Queens Backtracker
Frontier Pressure/Intensity Slider,Continuous slider control.,5,DJ Dijkstra; Euclidean Pulse; Hanoi Carillon; Alpha-Beta Minimax; N-Queens Backtracker
Weight/Grain/Roughness Slider,Continuous slider control.,5,DJ Dijkstra; Euclidean Pulse; Hanoi Carillon; Alpha-Beta Minimax; N-Queens Backtracker
Path/Space Resonance Slider,Filter resonance peak or physical body resonance amount.,5,DJ Dijkstra; Euclidean Pulse; Hanoi Carillon; Alpha-Beta Minimax; N-Queens Backtracker
Distance Span / Pitch Span Slider,Stereo width and spatial distribution across audio channels.,5,DJ Dijkstra; Euclidean Pulse; Hanoi Carillon; Alpha-Beta Minimax; N-Queens Backtracker
Amplitude Envelope Editor (draggable),Interactive instrument control.,4,Hyper; Lattice; Solid; Spiral
Pitch Floor/Source Select,Discrete option selection menu.,4,Penrose Tilings; Prime Sieve; Spiral; Striped Staircase
Turn Angle/Asymmetry Slider,Continuous slider control.,4,Graph Delay; L-System; L-System Drum Machine; L-system Delay
Mutate / Randomize Anatomy Button,Generates or steps to a new pseudo-random generation seed.,4,Hybrinx; Hyper-Syrinx; Wheel of Organs; Tongued Beasts
Breath/Lung Pressure Control,Interactive instrument control.,4,Monstrozoid; Creaturazoid; Syrinx; Tongued Beasts
Center/Starting Pitch or Frequency Slider,Continuous slider control.,4,Chaotic PM; Feral Fairy Ferris Ferry; Ouroboros; Recursive PM
Amplitude ADSR Sliders,Continuous slider control.,4,Chaotic FM; Chaotic PM; Recursive FM; Recursive PM
Glide Time/Mode,Interactive instrument control.,4,Chaotic FM; Chaotic PM; Recursive FM; Recursive PM
Pitch-bend Range Slider,Continuous slider control.,4,Chaotic FM; Chaotic PM; Recursive FM; Recursive PM
Frequency/Amount/Index Divisor Slider,Continuous slider control.,4,Chaotic FM; Chaotic PM; Recursive FM; Recursive PM
Settle/Advance Step Button,Action trigger button.,4,Euclidean Pulse; Hanoi Carillon; Alpha-Beta Minimax; N-Queens Backtracker
Experiment Readout (status display),Real-time state display and parameter monitor.,4,Chladni Plate; Gear Ratio Drums; RISSET-MOIRE; Spring Choir
Loop / Ping-pong Motion Toggle,Two-state binary toggle switch.,3,L-System Drum Machine; Shape; Tiles
Clear Button,Action trigger button.,3,Hocket Luigi; Rattle Snake Skin; Playhead Paint
Prototile Select,Discrete option selection menu.,3,Lattice; Lattice Drum Machine; Spiral
X/Y/Z Rotation Sliders,Continuous slider control.,3,Klein Bottle; Möbius; Solid Drum Machine
Undo/Open Graph Switches,Two-state binary toggle switch.,3,Graph Delay; Graph Drum Machine; Graph Synth
Reseed button,Generates or steps to a new pseudo-random generation seed.,3,Automatapoeia; Hyper Rubix; Kinetic Hull
Height-to-tuning Slider,Continuous slider control.,3,Hyper Drum Machine; Lattice Drum Machine; Shape Drum Machine
Input Trim,Interactive instrument control.,3,Graph Delay; L-system Delay; Plugazoid
Panic Button (all-notes-off),Stereo width and spatial distribution across audio channels.,3,Graph Delay; L-system Delay; Throatazoid
Workgroup Size Select,Discrete option selection menu.,3,SIMD 303; WebGPU Chiptune; GPU Shader Synths
View Controls (camera preset switch),Two-state binary toggle switch.,2,Roach Synth; Spider Synth
L/R Side Toggle,Two-state binary toggle switch.,2,Roach Synth; Spider Synth
Fit Camera Button,Action trigger button.,2,Roach Synth; Spider Synth
Zoom In/Out Buttons,Action trigger button.,2,Roach Synth; Spider Synth
Axis Select,Discrete option selection menu.,2,Roach Synth; Spider Synth
3D Touch Toggle,Two-state binary toggle switch.,2,Roach Synth; Spider Synth
Joints Visibility Toggle,Two-state binary toggle switch.,2,Roach Synth; Spider Synth
Say It / Speak Button,Action trigger button.,2,Roach Synth; Spider Synth
Animation preset select,"Selects the active synthesis engine, voice mode, or preset.",2,Roach Synth; Spider Synth
Output Peak Meter (readout),Real-time state display and parameter monitor.,2,Roach Synth; Spider Synth
CC-macro Route Selects,Discrete option selection menu.,2,Roach Synth; Spider Synth
Playhead Count Stepper,Interactive instrument control.,2,Shapes; Shape
Density Slider,Continuous slider control.,2,Ouroboros; Tiles
Cycle-behavior Select,Discrete option selection menu.,2,Algorithmic Mazes; Paths
Export SVG Button,Action trigger button.,2,Algorithmic Mazes; Paths
Playhead Direction Toggle,Reverses traversal or scanning direction (forward / reverse).,2,Shape; Shape Drum Machine
Sides/Points Slider,Continuous slider control.,2,Morphazoidical; Shape
Stretch/Aspect Slider,Continuous slider control.,2,Morphazoidical; Shape
Skew Slider,Continuous slider control.,2,Morphazoidical; Shape
Palette Select,Discrete option selection menu.,2,Escher; Penrose Tilings
Tile Outlines Checkbox,Interactive instrument control.,2,Escher; Penrose Tilings
3-preset Button Grid,Action trigger button.,2,Klein Bottle; Möbius
Curve Voice Select,Discrete option selection menu.,2,Klein Bottle; Möbius
Drag-target Switch,Two-state binary toggle switch.,2,Klein Bottle; Möbius
Graph Shape Select,Selects or morphs oscillator waveform shape.,2,Graph Drum Machine; Graph Synth
Pulse Interval Select,Discrete option selection menu.,2,Graph Drum Machine; Graph Synth
Attack Points/Separation Select,Discrete option selection menu.,2,Graph Drum Machine; Graph Synth
Arrange Button,Action trigger button.,2,Graph Drum Machine; Graph Synth
Node Path Select,Discrete option selection menu.,2,Graph Drum Machine; Graph Synth
Drum-mapping-mode Select,Discrete option selection menu.,2,Lattice Drum Machine; Shape Drum Machine
Strikes-per-frame Slider,Continuous slider control.,2,Hyper Drum Machine; Spiral Drum Machine
Subdivisions-per-side Slider,Continuous slider control.,2,Hyper Drum Machine; Solid Drum Machine
Drive Slider,Continuous slider control.,2,Fabric Filter; Rubix Cube Sequencer
Depth Control,Fractal iteration depth or recursive expansion steps.,2,L-system Delay; Wave Pool
Branch Length Taper Slider,Continuous slider control.,2,L-System; L-System Drum Machine
Paint Tool Buttons,Action trigger button.,2,Gesturama; Rattle Snake Skin
Frequency Ceiling Slider,Continuous slider control.,2,Automatapoeia; Rattle Snake Skin
Mic Button (seed/record from microphone),Generates or steps to a new pseudo-random generation seed.,2,Graph Delay; L-system Delay
Angle-to-octave Span,Stereo width and spatial distribution across audio channels.,2,Graph Delay; L-system Delay
Mutation Control,Interactive instrument control.,2,L-system Delay; Micromorph
click to load),Interactive instrument control.,2,Pink Trombonazoid; Tongued Beasts
Loop button,Action trigger button.,2,Pink Trombonazoid; Syrinx
Hold-breath Button (hidden),Action trigger button.,2,Syrinx; Tongued Beasts
Physical Tract Length Control,Interactive instrument control.,2,Syrinx; Tongued Beasts
Left/Right Asymmetry Control,Interactive instrument control.,2,Syrinx; Tongued Beasts
Gesture Rate Control,Interactive instrument control.,2,Syrinx; Tongued Beasts
Biomechanical Prior / Tongue Anatomy Select,Discrete option selection menu.,2,Hybrinx; Tongued Beasts
Tongue-in-circuit Button,Action trigger button.,2,Hybrinx; Tongued Beasts
Technique Select,Discrete option selection menu.,2,Harmonicazoid; Julie Saw
Decay Slider,Envelope decay time or acoustic energy dissipation rate.,2,Automatapoeia; SIMD Resonator
range Master level,Interactive instrument control.,2,Drum Roll Please!; Ouroborousel
Preset Grid (buttons),Action trigger button.,2,Drum Roll Please!; Ouroborousel
Modulation Amount Slider,Continuous slider control.,2,Chaotic FM; Recursive FM
Stages Slider,Continuous slider control.,2,Cascading FM; Cascading PM
Cascade Ratio Slider,Continuous slider control.,2,Cascading FM; Cascading PM
Pitch span slider,Stereo width and spatial distribution across audio channels.,2,Feral Fairy Ferris Ferry; Sorting
"""Shake"" Button",Action trigger button.,2,Packing Pressure; Rigidity
Move on web toggle,Two-state binary toggle switch.,1,Spider Synth
Spider skin select,Discrete option selection menu.,1,Spider Synth
i info button,Action trigger button.,1,Spider Synth
Reset pose button,Action trigger button.,1,Spider Synth
direct canvas drag on any of ~24+ joints to pose/pluck body parts. Voice: Sound+voice preset select,"Selects the active synthesis engine, voice mode, or preset.",1,Spider Synth
Voice text field,Interactive instrument control.,1,Spider Synth
Voice level knob,Interactive instrument control.,1,Spider Synth
Previous/Next animation arrow buttons,Action trigger button.,1,Spider Synth
Tempo knob-slider,Playback tempo in beats per minute (BPM).,1,Spider Synth
Movement/intensity slider,Continuous slider control.,1,Spider Synth
Metronome checkbox,Interactive instrument control.,1,Spider Synth
Steer joystick,Interactive instrument control.,1,Spider Synth
Travel path select,Discrete option selection menu.,1,Spider Synth
Travel Speed and Range knobs,"Rate of playhead scanning, geometric traversal, or animation.",1,Spider Synth
Roam-during-animation checkbox,Interactive instrument control.,1,Spider Synth
Home button,Action trigger button.,1,Spider Synth
dynamically built geometry knobs in for each web parameter,Real-time state display and parameter monitor.,1,Spider Synth
Random web button,Generates or steps to a new pseudo-random generation seed.,1,Spider Synth
"String-voice knobs: Tension .25-4, Damping 0-1, Coupling 0-.4, Decay .08-6s, Register -24..36 semitones, Pitch span .35-1.8x, Attack .001-.35s, Hold 0-.6s, Release .04-4s",Stereo width and spatial distribution across audio channels.,1,Spider Synth
Lay silk toggle button,Two-state binary toggle switch.,1,Spider Synth
Clear new silk button,Action trigger button.,1,Spider Synth
Silk level knob,Interactive instrument control.,1,Spider Synth
Send a fly button,Action trigger button.,1,Spider Synth
Hunt bug button,Action trigger button.,1,Spider Synth
Bug level knob,Interactive instrument control.,1,Spider Synth
"clicking a trapped fly on canvas also hunts it. Body+web sound mixer: per body-group row with name button, Source select, Level knob",Interactive canvas stage allowing direct pointer dragging of nodes/geometry.,1,Spider Synth
global tone knobs,Interactive instrument control.,1,Spider Synth
Keys-move select,Discrete option selection menu.,1,Spider Synth
i info button for gesture-help tooltip,Action trigger button.,1,Roach Synth
direct canvas drag on any of 31 rig joints poses/plays that body part. Pose/sound: Sound play/pause transport,"Starts, pauses, or toggles the main playback transport.",1,Roach Synth
Reset pose button. Tone knobs,Action trigger button.,1,Roach Synth
Filter/brightness 0-1 step.01 default.46,Filter cutoff frequency and spectral resonance control.,1,Roach Synth
Resonance 0-1 step.01 default.38,Filter resonance peak or physical body resonance amount.,1,Roach Synth
Crust/crunch 0-1 step.01 default.18,"Numeric control range 0 to 1, step .01, default .18.",1,Roach Synth
Vowel 0-1 step.01 default.35,"Numeric control range 0 to 1, step .01, default .35.",1,Roach Synth
Wing rate 12-220Hz step1 default72,Numeric control range 12 to 220.,1,Roach Synth
Rattle rate/rhythm .25-4x step.05 default1,Numeric control range 25 to 4.,1,Roach Synth
Pan -1..1 step.01 default0. Voice: Sound+voice preset select,"Selects the active synthesis engine, voice mode, or preset.",1,Roach Synth
Voice textarea,Interactive instrument control.,1,Roach Synth
Voice level knob 0-1 step.01 default.78. Animation: Motion play/pause transport,"Starts, pauses, or toggles the main playback transport.",1,Roach Synth
Previous/Next animation arrows,Interactive instrument control.,1,Roach Synth
Tempo slider 35-240 BPM step1 default108,Playback tempo in beats per minute (BPM).,1,Roach Synth
Movement/intensity slider 0-1.5 step.01 default1,"Numeric control range 0 to 1.5, step .01, default 1.",1,Roach Synth
Metronome checkbox with 4-dot beat indicator,Interactive instrument control.,1,Roach Synth
"Antennae-keep-exploring checkbox, default checked. Body sound mixer",Interactive instrument control.,1,Roach Synth
Source select,Discrete option selection menu.,1,Roach Synth
Level knob 0-1 step.01,"Numeric control range 0 to 1, step .01.",1,Roach Synth
Mute and Solo toggle buttons,Two-state binary toggle switch.,1,Roach Synth
Master level slider 0-.8 step.01 default.5. MIDI panel: Release MIDI button,Stereo width and spatial distribution across audio channels.,1,Roach Synth
Master level slider 0-1 step.01 default.65,"Numeric control range 0 to 1, step .01, default .65.",1,Shapes
Audio on/off button. Dimension select,Global audio engine master enable/disable toggle.,1,Shapes
Transport rack: Play/pause button,"Starts, pauses, or toggles the main playback transport.",1,Shapes
Playhead position slider 0-1 step.0005 default.18,"Numeric control range 0 to 1, step .0005, default .18.",1,Shapes
Playhead speed slider 0-4 step.01 default.12 cyc/s,"Rate of playhead scanning, geometric traversal, or animation.",1,Shapes
Divisions slider 1-16 step1 default2,"Numeric control range 1 to 16, step 1, default 2.",1,Shapes
Reader direction toggle button,Reverses traversal or scanning direction (forward / reverse).,1,Shapes
Motion-shape choice-switch,Selects or morphs oscillator waveform shape.,1,Shapes
Shape auto-rotate play button,Selects or morphs oscillator waveform shape.,1,Shapes
Percussion sound bank select,Discrete option selection menu.,1,Shapes
Playhead spacing layout with reset-spacing button and per-playhead draggable phase slider handles. Shape rack: Form select,Selects or morphs oscillator waveform shape.,1,Shapes
"3 live rotary knobs, drag/keyboard operable, remapped per dimension",Interactive instrument control.,1,Shapes
3D=Surface yaw/pitch/Y rotation -180..180 each,Interactive instrument control.,1,Shapes
4D=XW/YW/ZW each -180..180deg). Form bank - Reset-form button,Action trigger button.,1,Shapes
Shared-profile-kind select,Discrete option selection menu.,1,Shapes
Sides/points slider 1-32 step1 default4,"Numeric control range 1 to 32, step 1, default 4.",1,Shapes
Star depth slider .05-.82 step.01 default.48,Fractal iteration depth or recursive expansion steps.,1,Shapes
"2D deformation: Roundness -1..1, Stretch -2..2, Skew -2..2",Interactive instrument control.,1,Shapes
3D representation: Solid select,Discrete option selection menu.,1,Shapes
4D representation: Hyper-form select,Discrete option selection menu.,1,Shapes
per-axis rotation cards,Interactive instrument control.,1,Shapes
"Voice mapping: Base frequency 20-440Hz step1 default110, Pitch range 0-7oct step.1 default3, Character 0-1 step.01 default.35, Stereo spread 0-1 step.01 default.85",Fundamental base frequency or carrier oscillator pitch.,1,Shapes
Percussion mapping,Interactive instrument control.,1,Shapes
"Reset-all button. Canvas interaction: in 2D, drag on/inside the shape moves the reader, drag outside rotates it",Interactive canvas stage allowing direct pointer dragging of nodes/geometry.,1,Shapes
Left/Right arrows move the reader. Output-details disclosure,Interactive instrument control.,1,Shapes
Master level slider 0-1 step.01 default.58,"Numeric control range 0 to 1, step .01, default .58.",1,L-Systems
Audio on/off button. Playing-mode tab group: Continuous/Notes/Triggers/Mic. Transport rack: Play/pause button,Global audio engine master enable/disable toggle.,1,L-Systems
Traversal direction toggle,Reverses traversal or scanning direction (forward / reverse).,1,L-Systems
Loop motion toggle,Two-state binary toggle switch.,1,L-Systems
Ping-pong motion toggle,Two-state binary toggle switch.,1,L-Systems
Reader position slider 0-1 step.0005 default0,"Numeric control range 0 to 1, step .0005, default 0.",1,L-Systems
Speed slider 0-3 step.01 default.3 cyc/s. L-system rack: Preset select,"Selects the active synthesis engine, voice mode, or preset.",1,L-Systems
Iterations slider 0-11 step1 default7,"Numeric control range 0 to 11, step 1, default 7.",1,L-Systems
Branch angle slider 0-150deg step.1 default45,Numeric control range 0 to 150.,1,L-Systems
Length scale slider .2-1.2 step.01 default.72,"Numeric control range 2 to 1.2, step .01, default .72.",1,L-Systems
Turn asymmetry slider -.8..8 step.01 default0,Continuous slider control.,1,L-Systems
read-only Axiom/Rules grammar display,Real-time state display and parameter monitor.,1,L-Systems
Reset system button. Structure rack: Playback structure select,Action trigger button.,1,L-Systems
Voice engine select,Discrete option selection menu.,1,L-Systems
Depth drive slider 0-1 step.01 default.65,Fractal iteration depth or recursive expansion steps.,1,L-Systems
Mod index slider 0-12 step.1 default3,"Numeric control range 0 to 12, step .1, default 3.",1,L-Systems
Stereo spread slider 0-1 step.01 default.9,Stereo width and spatial distribution across audio channels.,1,L-Systems
dynamically injected Amplitude control,Interactive instrument control.,1,L-Systems
read-only polyphony readout. Triggers,Real-time state display and parameter monitor.,1,L-Systems
Mapping select,Discrete option selection menu.,1,L-Systems
Style select,Discrete option selection menu.,1,L-Systems
Y tuning slider 0-36 semitones step1 default12,Numeric control range 0 to 36.,1,L-Systems
Angle tuning slider 0-36 semitones step1 default12,Numeric control range 0 to 36.,1,L-Systems
Angle range slider 15-180deg step1 default90,Numeric control range 15 to 180.,1,L-Systems
Character depth slider 0-1 step.01 default.72,Fractal iteration depth or recursive expansion steps.,1,L-Systems
read-only drum-voice map grid and mapping legend. Mic bank: Input trim slider 0-1.25 step.01 default1,"Numeric control range 0 to 1.25, step .01, default 1.",1,L-Systems
Feedback slider 0-.82 step.01 default.38,Feedback gain recirculating audio or delay loops.,1,L-Systems
Timing scale slider .25-4x step.01 default1,Numeric control range 25 to 4.,1,L-Systems
Depth ratio slider .2-2x step.01 default1,Fractal iteration depth or recursive expansion steps.,1,L-Systems
Pitch bend slider 0-4oct step.1 default1.2,Numeric control range 0 to 4.,1,L-Systems
Branch send slider 0-1 step.01 default.92,"Numeric control range 0 to 1, step .01, default .92.",1,L-Systems
live mic-voice readout. Mix rack: Mix preset select,"Selects the active synthesis engine, voice mode, or preset.",1,L-Systems
"per-mode level sliders 0-1.5 step.01 - Continuous default1, Notes default1, Triggers default.95, Mic default1.12. Status rack: read-only Mode/Traversal/System summary readouts","Numeric control range 0 to 1.5, step .01.",1,L-Systems
MIDI-output-monitor dock populated by the shared nav.js MIDI toolbar. Canvas shows the animated traversal reader driven by the transport,Interactive canvas stage allowing direct pointer dragging of nodes/geometry.,1,L-Systems
not separately click-draggable,Interactive instrument control.,1,L-Systems
Mode switch,Two-state binary toggle switch.,1,Tiles
Reader direction toggle,Reverses traversal or scanning direction (forward / reverse).,1,Tiles
Reader position slider,Continuous slider control.,1,Tiles
Tile system select dropdown,Discrete option selection menu.,1,Tiles
Prototile shape-modifier canvas,Interactive canvas stage allowing direct pointer dragging of nodes/geometry.,1,Tiles
dynamic parameter-controls grid,Real-time state display and parameter monitor.,1,Tiles
dynamic edge-controls grid,Interactive instrument control.,1,Tiles
Lattice bank - Line angle slider,Continuous slider control.,1,Tiles
Spiral bank,Interactive instrument control.,1,Tiles
Synth bank,Interactive instrument control.,1,Tiles
Drums bank,Interactive instrument control.,1,Tiles
MIDI output monitor dock also displays outgoing MIDI note events,Real-time state display and parameter monitor.,1,Tiles
performance-mode group - Build/Trace/Tour buttons,Action trigger button.,1,Algorithmic Mazes
Cell-topology buttons,Action trigger button.,1,Algorithmic Mazes
Generator/algorithm select,Discrete option selection menu.,1,Algorithmic Mazes
Scale slider,Continuous slider control.,1,Algorithmic Mazes
Loops slider,Continuous slider control.,1,Algorithmic Mazes
Replay button,Action trigger button.,1,Algorithmic Mazes
Solve button,Action trigger button.,1,Algorithmic Mazes
"view toggles - All walls checkbox, Route checkbox",Two-state binary toggle switch.,1,Algorithmic Mazes
Layer levels - Passage level slider,Continuous slider control.,1,Algorithmic Mazes
Trace polyphony disclosure with Passages head-count slider,Continuous slider control.,1,Algorithmic Mazes
Mode buttons - Draw / Trace,Action trigger button.,1,Paths
Path-family select,Discrete option selection menu.,1,Paths
Detail slider,Continuous slider control.,1,Paths
Frame/aspect slider,Continuous slider control.,1,Paths
Playhead position slider,Continuous slider control.,1,Shape
Playhead speed slider,"Rate of playhead scanning, geometric traversal, or animation.",1,Shape
Reading-method buttons - Points/Line/Radar,Action trigger button.,1,Shape
"per-playhead spacing track with a draggable phase marker button and a forward/reverse toggle button for each of up to 12 playheads, plus an Equidistant reset button",Two-state binary toggle switch.,1,Shape
Rotation play button,Action trigger button.,1,Shape
Rotate-angle slider,Continuous slider control.,1,Shape
Rotation-speed slider,"Rate of playhead scanning, geometric traversal, or animation.",1,Shape
Closed-shape-type buttons - Polygon/Star,Selects or morphs oscillator waveform shape.,1,Shape
Star-depth slider,Fractal iteration depth or recursive expansion steps.,1,Shape
Roundness/curvature slider,Continuous slider control.,1,Shape
Reset-form button,Action trigger button.,1,Shape
Sound-mode select,Discrete option selection menu.,1,Shape
Percussion panel,Stereo width and spatial distribution across audio channels.,1,Shape
"Shepard panel - Path-distance/Turn-angle mapping buttons, Octaves-per-circuit slider",Stereo width and spatial distribution across audio channels.,1,Shape
FM panel - FM index slider,Stereo width and spatial distribution across audio channels.,1,Shape
PM panel - Phase-depth slider,Fractal iteration depth or recursive expansion steps.,1,Shape
Amplitude-envelope toggle button,Two-state binary toggle switch.,1,Shape
Mapping section - Pitch-dimension buttons,Action trigger button.,1,Shape
Corner-ADSR-level-source select,Discrete option selection menu.,1,Shape
FM-index/timbre-source select,Discrete option selection menu.,1,Shape
Percussion-level-source select,Discrete option selection menu.,1,Shape
Stereo-dimension buttons,Action trigger button.,1,Shape
Stereo-width slider,Continuous slider control.,1,Shape
Reset-all-parameters button. Canvas: drag the contour to spin it,Interactive canvas stage allowing direct pointer dragging of nodes/geometry.,1,Shape
Space toggles play/pause,"Starts, pauses, or toggles the main playback transport.",1,Shape
Left/Right arrow moves by a fine step,Interactive instrument control.,1,Shape
Tool buttons - Draw / Select / Erase,Action trigger button.,1,Playhead Paint
"Draw paints new sounding marks by drag, Select picks an existing mark for editing, Erase removes marks on contact)",Discrete option selection menu.,1,Playhead Paint
Sound-color palette,Interactive instrument control.,1,Playhead Paint
pointer interaction,Interactive canvas stage allowing direct pointer dragging of nodes/geometry.,1,Playhead Paint
Playback-mode radio group - Original / Steady,Interactive instrument control.,1,Playhead Paint
Playback rate slider,Continuous slider control.,1,Playhead Paint
Mirror/symmetry axis toggle buttons - Horizontal / Vertical / Diagonal / Anti-diagonal,Two-state binary toggle switch.,1,Playhead Paint
Waveform select,Selects or morphs oscillator waveform shape.,1,Playhead Paint
Pen-size slider,Continuous slider control.,1,Playhead Paint
Coordinate-mode select,Discrete option selection menu.,1,Playhead Paint
"X-axis-target select, Y-axis-target select, Pen-size-target select",Discrete option selection menu.,1,Playhead Paint
Radar-spokes slider,Continuous slider control.,1,Playhead Paint
Pitch-floor slider,Continuous slider control.,1,Playhead Paint
Envelope sliders - Attack,Continuous slider control.,1,Playhead Paint
Transform-target select,Discrete option selection menu.,1,Playhead Paint
Move-X slider,Continuous slider control.,1,Playhead Paint
Reset-transform button,Action trigger button.,1,Playhead Paint
Steady-speed slider,"Rate of playhead scanning, geometric traversal, or animation.",1,Playhead Paint
on-canvas cursor readout shows live Hz while drawing,Interactive canvas stage allowing direct pointer dragging of nodes/geometry.,1,Playhead Paint
Sine level slider,Continuous slider control.,1,Boidzoid
Flock/pause toggle button,Two-state binary toggle switch.,1,Boidzoid
Scatter button,Action trigger button.,1,Boidzoid
Clear lure button,Action trigger button.,1,Boidzoid
Temperament preset buttons - Lull / Graze / Murmur / Fury,Action trigger button.,1,Boidzoid
Morph/ferality slider,Continuous slider control.,1,Boidzoid
Arrow playheads slider,Continuous slider control.,1,Boidzoid
Cohesion slider,Continuous slider control.,1,Boidzoid
Alignment slider,Continuous slider control.,1,Boidzoid
Separation slider,Continuous slider control.,1,Boidzoid
Reset-the-pod button,Action trigger button.,1,Boidzoid
Arrow keys move the lure,Interactive instrument control.,1,Boidzoid
Escape clears it. All controls wired via addEventListener in boidzoid-app.js,Interactive instrument control.,1,Boidzoid
tempo controls,Playback tempo in beats per minute (BPM).,1,Puggler the Punk Rock Jugger
Starting-act select,Discrete option selection menu.,1,Puggler the Punk Rock Jugger
Cast select,Discrete option selection menu.,1,Puggler the Punk Rock Jugger
Objects select,Discrete option selection menu.,1,Puggler the Punk Rock Jugger
Pattern select,Discrete option selection menu.,1,Puggler the Punk Rock Jugger
Rhythm-form select,Discrete option selection menu.,1,Puggler the Punk Rock Jugger
Passing-cadence select,Discrete option selection menu.,1,Puggler the Punk Rock Jugger
Random-objects button,Generates or steps to a new pseudo-random generation seed.,1,Puggler the Punk Rock Jugger
Random-flyers button,Generates or steps to a new pseudo-random generation seed.,1,Puggler the Punk Rock Jugger
Stage-skin select,Discrete option selection menu.,1,Puggler the Punk Rock Jugger
Stage-lights select,Discrete option selection menu.,1,Puggler the Punk Rock Jugger
dynamically generated Physics sliders - Throw height,Continuous slider control.,1,Puggler the Punk Rock Jugger
Ride-patterns checkbox,Interactive instrument control.,1,Puggler the Punk Rock Jugger
Trippy-trails checkbox,Interactive instrument control.,1,Puggler the Punk Rock Jugger
"dynamically generated Sound-mixer sliders - Airborne riffs level, Catch impacts level, Audience/boo level, Height-to-pitch amount",Continuous slider control.,1,Puggler the Punk Rock Jugger
per-object rows,Interactive instrument control.,1,Puggler the Punk Rock Jugger
Rider keyboard clusters,Interactive instrument control.,1,Puggler the Punk Rock Jugger
"Roxy: J/L steer, U/O fast steer, I/K height, H kick, N throw to crowd",Interactive instrument control.,1,Puggler the Punk Rock Jugger
"Moss: Numpad4/6 steer, Numpad7/9 fast steer, Numpad8/2 height, Numpad5 kick, Numpad0 throw to crowd",Interactive instrument control.,1,Puggler the Punk Rock Jugger
each rider's on-stage name/number toggle,Two-state binary toggle switch.,1,Puggler the Punk Rock Jugger
dragging a rider on the canvas repositions them,Interactive canvas stage allowing direct pointer dragging of nodes/geometry.,1,Puggler the Punk Rock Jugger
Space pauses new juggling throws while riders/crowd stay active,Interactive instrument control.,1,Puggler the Punk Rock Jugger
Flight level slider,Continuous slider control.,1,Vector Flight
Fly/pause transport button,"Starts, pauses, or toggles the main playback transport.",1,Vector Flight
Center-helm button,Action trigger button.,1,Vector Flight
New-field button,Action trigger button.,1,Vector Flight
Articulation buttons - Continuous / Notes / Triggers,Action trigger button.,1,Vector Flight
Throttle slider,Continuous slider control.,1,Vector Flight
Throttle-preset buttons - Drift,Action trigger button.,1,Vector Flight
Star-density slider,Continuous slider control.,1,Vector Flight
Listening-radius/sensorRadius slider,Continuous slider control.,1,Vector Flight
Listening-width/sensorWidth slider,Continuous slider control.,1,Vector Flight
Orbit-lobes slider,Continuous slider control.,1,Vector Flight
Orbit-phase slider,Continuous slider control.,1,Vector Flight
Field-spin slider,Continuous slider control.,1,Vector Flight
Articulation-mode select mirrored in Sound section,Discrete option selection menu.,1,Vector Flight
Frequency-floor slider,Continuous slider control.,1,Vector Flight
Frequency-ceiling slider,Continuous slider control.,1,Vector Flight
Stereo-width/azimuth-stereo slider,Continuous slider control.,1,Vector Flight
Doppler-bend slider,Continuous slider control.,1,Vector Flight
Contact-release/tail slider,Continuous slider control.,1,Vector Flight
Velocity-character slider,Continuous slider control.,1,Vector Flight
Engine-mix/engineMix slider,Continuous slider control.,1,Vector Flight
Reset-flight-computer button. Canvas/helm interaction: drag around the centered ship to steer,Interactive canvas stage allowing direct pointer dragging of nodes/geometry.,1,Vector Flight
Arrow keys or WASD move the helm,Interactive instrument control.,1,Vector Flight
+/- changes throttle,Interactive instrument control.,1,Vector Flight
Space pauses,Interactive instrument control.,1,Vector Flight
Escape mutes. All controls wired via addEventListener in vector-flight-app.js,Interactive instrument control.,1,Vector Flight
Program level header slider 0-1 step .01 default .55,"Numeric control range 0 to 1, step .01, default .55.",1,Surround for Safety
Sound emitter draggable puck on SVG stage,Interactive instrument control.,1,Surround for Safety
Speaker layout button group,Action trigger button.,1,Surround for Safety
Custom ring speaker-count slider 2-32 step 1 default 8,"Numeric control range 2 to 32, step 1, default 8.",1,Surround for Safety
Room view toggle,Two-state binary toggle switch.,1,Surround for Safety
Center source button,Action trigger button.,1,Surround for Safety
Source motion switch,Two-state binary toggle switch.,1,Surround for Safety
Motion rate slider .03-.5 rev/s step .01 default .12,Continuous slider control.,1,Surround for Safety
Speaker focus slider 0-1 step .01 default .58,"Numeric control range 0 to 1, step .01, default .58.",1,Surround for Safety
Source height slider 0-1 step .01 default 0,"Numeric control range 0 to 1, step .01, default 0.",1,Surround for Safety
Voice grid button group,Action trigger button.,1,Surround for Safety
Spectral color slider 0-1 step .01 default .62,"Numeric control range 0 to 1, step .01, default .62.",1,Surround for Safety
Field tail slider .18-2.4s step .01 default .9,Numeric control range 18 to 2.4.,1,Surround for Safety
Route mode toggle,Two-state binary toggle switch.,1,Surround for Safety
Reference signal button group,Action trigger button.,1,Surround for Safety
Test trim slider -24 to +6dB step 1 default 0,Continuous slider control.,1,Surround for Safety
Run channel sweep toggle button,Two-state binary toggle switch.,1,Surround for Safety
per-speaker channel-meter/speaker-node buttons,Action trigger button.,1,Surround for Safety
8 speaker note pads,Interactive instrument control.,1,Surround for Safety
Orbit phrase transport toggle/Spacebar,Two-state binary toggle switch.,1,Surround for Safety
audio-file picker,Interactive instrument control.,1,Surround for Safety
Play through field toggle button,Two-state binary toggle switch.,1,Surround for Safety
Record channels toggle button,Two-state binary toggle switch.,1,Surround for Safety
Download stem ZIP button,Action trigger button.,1,Surround for Safety
Reset Surround for Safety button,Action trigger button.,1,Surround for Safety
Escape key turns audio off,Interactive instrument control.,1,Surround for Safety
Play/Pause button/Spacebar,"Starts, pauses, or toggles the main playback transport.",1,Lattice
Pattern phase slider 0-1 step .0005 default .5,"Numeric control range 0 to 1, step .0005, default .5.",1,Lattice
Pattern speed slider 0-1 step .001,"Rate of playhead scanning, geometric traversal, or animation.",1,Lattice
Loop/Ping-pong button pair,Action trigger button.,1,Lattice
Pattern direction angle slider 0-90 step .1 default 0,"Numeric control range 0 to 90, step .1, default 0.",1,Lattice
Pattern direction axis toggle button,Reverses traversal or scanning direction (forward / reverse).,1,Lattice
Line angle slider 0-179.9 step .1 default 90,"Numeric control range 0 to 179.9, step .1, default 90.",1,Lattice
Reset-90-degrees button,Action trigger button.,1,Lattice
tile editor canvas with pointer-draggable prototile vertices,Interactive canvas stage allowing direct pointer dragging of nodes/geometry.,1,Lattice
Density slider 0-.8 step .01 default .52,Continuous slider control.,1,Lattice
up to 6 dynamic Shape parameter sliders,Selects or morphs oscillator waveform shape.,1,Lattice
up to 5 dynamic matching-edge curve sliders,Continuous slider control.,1,Lattice
Contact level slider 0-1 step .01 default .35,"Numeric control range 0 to 1, step .01, default .35.",1,Lattice
Intersection emphasis slider 0-1 step .01 default .75,"Numeric control range 0 to 1, step .01, default .75.",1,Lattice
Voice limit slider 1-12 step 1 default 8,"Numeric control range 1 to 12, step 1, default 8.",1,Lattice
Percussion Attack slider .5-30ms step .5 default 3,Numeric control range 5 to 30.,1,Lattice
Percussion Decay slider 15-2000ms step 5 default 110,Envelope decay time or acoustic energy dissipation rate.,1,Lattice
Shepard glide-rate slider .25-4oct/loop step .05 default 1,Numeric control range 25 to 4.,1,Lattice
Shepard glide-direction select,Discrete option selection menu.,1,Lattice
Shepard spectral-width slider 1-8oct step .1 default 4,Numeric control range 1 to 8.,1,Lattice
FM index slider 0-12 step .05 default 3,"Numeric control range 0 to 12, step .05, default 3.",1,Lattice
FM modulator-ratio slider .25-8 step .05 default 2,"Numeric control range 25 to 8, step .05, default 2.",1,Lattice
PM phase-depth slider 0-8rad step .05 default 2,Fractal iteration depth or recursive expansion steps.,1,Lattice
PM modulator-ratio slider .25-8 step .05 default 1,"Numeric control range 25 to 8, step .05, default 1.",1,Lattice
Pitch-mark select,Discrete option selection menu.,1,Lattice
Pitch-curve select,Discrete option selection menu.,1,Lattice
Modulation-drive-mark select,Discrete option selection menu.,1,Lattice
Level-mark select,Discrete option selection menu.,1,Lattice
Level-curve select,Discrete option selection menu.,1,Lattice
Stereo width slider 0-1 step .01 default 1,"Numeric control range 0 to 1, step .01, default 1.",1,Lattice
canvas pointer-drag scrubs pattern phase,Interactive canvas stage allowing direct pointer dragging of nodes/geometry.,1,Lattice
Output level header slider 0-.82 step .01 default .42,Master audio output level and gain control slider.,1,Escher
"Zoom out/Reset view/Zoom in buttons plus mouse wheel, pinch-zoom, and +/-/Home keys",Action trigger button.,1,Escher
Structural preset select,"Selects the active synthesis engine, voice mode, or preset.",1,Escher
Outline playback mode 3-button group,Action trigger button.,1,Escher
Play/Pause button/Space or Enter,"Starts, pauses, or toggles the main playback transport.",1,Escher
Travel speed slider .08-1.2 units/s step .01 default .32,"Rate of playhead scanning, geometric traversal, or animation.",1,Escher
Neighbor reach slider 1-4 hops step 1 default 2,Numeric control range 1 to 4.,1,Escher
Playhead size slider .2-1 step .01 default .65,"Numeric control range 2 to 1, step .01, default .65.",1,Escher
Tile density slider 0-1 step .01 default .54,"Numeric control range 0 to 1, step .01, default .54.",1,Escher
Contour deformation slider 0-1 step .01 default .72,"Numeric control range 0 to 1, step .01, default .72.",1,Escher
Field rotation slider -180 to 180 step 1 default 0,"Numeric control range -180 to 180, step 1, default 0.",1,Escher
Motif detail slider 0-1 step .01 default .78,"Numeric control range 0 to 1, step .01, default .78.",1,Escher
Show geometry checkbox,Interactive instrument control.,1,Escher
Figure/ground contrast slider .2-1 step .01 default .76,"Numeric control range 2 to 1, step .01, default .76.",1,Escher
Generator root,Interactive instrument control.,1,Escher
Tone slider 0-1 step .01 default .58,"Numeric control range 0 to 1, step .01, default .58.",1,Escher
Size+corner to pitch slider 0-24 semitones step 1 default 14,Numeric control range 0 to 24.,1,Escher
Curvature to timbre slider 0-1 step .01 default .72,"Numeric control range 0 to 1, step .01, default .72.",1,Escher
Position to stereo slider 0-1 step .01 default .82,"Numeric control range 0 to 1, step .01, default .82.",1,Escher
Orientation to gesture slider 0-1 step .01 default .68,"Numeric control range 0 to 1, step .01, default .68.",1,Escher
Color/aspect to voice slider 0-1 step .01 default .76,"Numeric control range 0 to 1, step .01, default .76.",1,Escher
Position to pitch/space slider 0-1 step .01 default .64,"Numeric control range 0 to 1, step .01, default .64.",1,Escher
Border to articulation slider 0-1 step .01 default .72,"Numeric control range 0 to 1, step .01, default .72.",1,Escher
Reset Escher button,Action trigger button.,1,Escher
tap selects/plays a real contour outline,Discrete option selection menu.,1,Escher
single-pointer drag pans,Stereo width and spatial distribution across audio channels.,1,Escher
two-pointer pinch zooms,Interactive canvas stage allowing direct pointer dragging of nodes/geometry.,1,Escher
double-click resets view,Interactive instrument control.,1,Escher
arrow keys move selection to an adjacent real shape,Selects or morphs oscillator waveform shape.,1,Escher
Escape turns audio off,Interactive instrument control.,1,Escher
Output level header slider 0-.8 step .01 default .48,Master audio output level and gain control slider.,1,Penrose Tilings
Zoom out/Reset view/Zoom in buttons plus wheel-zoom and +/-/Home keys,Action trigger button.,1,Penrose Tilings
Penrose presentation select,Discrete option selection menu.,1,Penrose Tilings
Subdivision generation slider 1-7 step 1 default 6,"Numeric control range 1 to 7, step 1, default 6.",1,Penrose Tilings
Local window/pentagrid-phase slider 0-63 step 1 default 0,"Numeric control range 0 to 63, step 1, default 0.",1,Penrose Tilings
Pattern orientation slider 0-324 step 36 default 0,"Numeric control range 0 to 324, step 36, default 0.",1,Penrose Tilings
Global angle shear slider -.45 to .45 step .01 default 0,Continuous slider control.,1,Penrose Tilings
Plane coverage select,Discrete option selection menu.,1,Penrose Tilings
Color energy slider .35-1 step .01 default .78,"Numeric control range 35 to 1, step .01, default .78.",1,Penrose Tilings
Robinson seams checkbox,Interactive instrument control.,1,Penrose Tilings
"Parent hierarchy checkbox, finite-patch only",Interactive instrument control.,1,Penrose Tilings
Five directions checkbox default on,Interactive instrument control.,1,Penrose Tilings
Signal paths checkbox default on,Interactive instrument control.,1,Penrose Tilings
Next-edge preview checkbox default on,Interactive instrument control.,1,Penrose Tilings
Move tiling/Play-pause button/Space or Enter,Action trigger button.,1,Penrose Tilings
World travel slider 0-1 step .0005 default .5,"Numeric control range 0 to 1, step .0005, default .5.",1,Penrose Tilings
Tiling drift slider .01-.3 units/s step .001 default .06,Continuous slider control.,1,Penrose Tilings
Path sustain slider 0-1 step .01 default .38,"Numeric control range 0 to 1, step .01, default .38.",1,Penrose Tilings
Centered path voices slider 1-16 step 1 default 10,"Numeric control range 1 to 16, step 1, default 10.",1,Penrose Tilings
Root frequency slider 36-220Hz step .5 default 82.5,Numeric control range 36 to 220.,1,Penrose Tilings
Trigger/audition decay slider 35-900ms step 5 default 180,Envelope decay time or acoustic energy dissipation rate.,1,Penrose Tilings
FM ratio slider .5-8x step .05 default 2,Numeric control range 5 to 8.,1,Penrose Tilings
FM index slider 0-18 step .1 default 5,"Numeric control range 0 to 18, step .1, default 5.",1,Penrose Tilings
Reset Penrose tilings button,Action trigger button.,1,Penrose Tilings
tap auditions the tapped tile,Interactive instrument control.,1,Penrose Tilings
drag pans,Stereo width and spatial distribution across audio channels.,1,Penrose Tilings
full keyboard shortcut set on canvas,Interactive canvas stage allowing direct pointer dragging of nodes/geometry.,1,Penrose Tilings
Time path 3-button switch,Two-state binary toggle switch.,1,Spiral
Time phase slider 0-1 step .0005,"Numeric control range 0 to 1, step .0005.",1,Spiral
Time speed slider .01-1 cyc/s step .001 default .12,"Rate of playhead scanning, geometric traversal, or animation.",1,Spiral
Loop/Ping-pong motion buttons,Action trigger button.,1,Spiral
Size-affects-time+pitch coupling toggle button,Two-state binary toggle switch.,1,Spiral
Reader turns slider .25-6 step .05,"Numeric control range 25 to 6, step .05.",1,Spiral
Loop play/pause button,"Starts, pauses, or toggles the main playback transport.",1,Spiral
Deep zoom slider 0-1 step .0005,"Numeric control range 0 to 1, step .0005.",1,Spiral
Loop speed slider .01-1 cyc/s step .001 default .05,"Rate of playhead scanning, geometric traversal, or animation.",1,Spiral
Reverse-zoom button,Action trigger button.,1,Spiral
editable prototile canvas with draggable vertices,Interactive canvas stage allowing direct pointer dragging of nodes/geometry.,1,Spiral
up to 6 dynamic Shape parameter sliders step .005,Selects or morphs oscillator waveform shape.,1,Spiral
up to 5 dynamic matching-edge bend sliders -1 to 1 step .01,"Numeric control range -1 to 1, step .01.",1,Spiral
A-turns slider 0-12 step 1 default 1,"Numeric control range 0 to 12, step 1, default 1.",1,Spiral
B-turns slider 0-12 step 1 default 5,"Numeric control range 0 to 12, step 1, default 5.",1,Spiral
Pattern scale slider -1.2 to 1.2 step .01,"Numeric control range -1.2 to 1.2, step .01.",1,Spiral
Pattern rotation slider -180 to 180 step 1,"Numeric control range -180 to 180, step 1.",1,Spiral
Contact level slider 0-1 step .01 default .38,"Numeric control range 0 to 1, step .01, default .38.",1,Spiral
Percussion Attack/Decay sliders,Envelope decay time or acoustic energy dissipation rate.,1,Spiral
Voice limit slider 1-16 step 1 default 8,"Numeric control range 1 to 16, step 1, default 8.",1,Spiral
Stereo width slider 0-1 step .01 default .8,"Numeric control range 0 to 1, step .01, default .8.",1,Spiral
pointer-drag scrubs reader position directly,Interactive canvas stage allowing direct pointer dragging of nodes/geometry.,1,Spiral
Rotation-target switch,Two-state binary toggle switch.,1,Solid
Surface position slider 0-1 step .001 default .5,"Numeric control range 0 to 1, step .001, default .5.",1,Solid
Surface speed slider .01-4 cyc/s step .01 default .12,"Rate of playhead scanning, geometric traversal, or animation.",1,Solid
Surface yaw slider -180 to 180 step 1 default 45 with its own auto-play button and yaw-speed slider -.5 to .5 rev/s step .01 default .04,"Rate of playhead scanning, geometric traversal, or animation.",1,Solid
Surface pitch slider -180 to 180 step 1 default -22 with its own auto-play button and pitch-speed slider -.5 to .5 rev/s step .01 default .03,"Rate of playhead scanning, geometric traversal, or animation.",1,Solid
Wireframe solid select,Discrete option selection menu.,1,Solid
Width/Height/Depth scale sliders .5-1.6x step .01 default 1,Fractal iteration depth or recursive expansion steps.,1,Solid
X skew/Z skew sliders -.7 to .7 step .01 default 0,Continuous slider control.,1,Solid
per-axis Rotation X/Y/Z sliders -180 to 180 step 1,"Numeric control range -180 to 180, step 1.",1,Solid
Percussion Attack slider .5-30ms step .5 default 3 and Decay slider 15-2000ms step 5 default 110,Envelope decay time or acoustic energy dissipation rate.,1,Solid
FM index slider 0-12 step .05 default 3 and Modulator ratio slider .25-8 step .05 default 2,"Numeric control range 0 to 12, step .05, default 3.",1,Solid
Play-mode switch,Two-state binary toggle switch.,1,Möbius
sequence-state readout,Real-time state display and parameter monitor.,1,Möbius
Position slider 0-1 step .001 default .5,"Numeric control range 0 to 1, step .001, default .5.",1,Möbius
Speed slider .01-1.2 cyc/s step .01 default .1,"Rate of playhead scanning, geometric traversal, or animation.",1,Möbius
Plane yaw slider -180 to 180 step 1 default 38,"Numeric control range -180 to 180, step 1, default 38.",1,Möbius
Plane pitch slider -180 to 180 step 1 default -18,"Numeric control range -180 to 180, step 1, default -18.",1,Möbius
Loop radius slider .48-1.05 step .01 default .72,"Numeric control range 48 to 1.05, step .01, default .72.",1,Möbius
Band half-width slider .12-.68 step .01 default .38,Continuous slider control.,1,Möbius
Odd half-twists select,Discrete option selection menu.,1,Möbius
Twist lift slider .35-1.65x step .01 default 1,Numeric control range 35 to 1.65.,1,Möbius
Auto-rotate toggle button plus View speed slider -.25 to .25 rev/s step .005 default .035,"Rate of playhead scanning, geometric traversal, or animation.",1,Möbius
Vertical pitch span slider .25-5oct step .05 default 2.6,Stereo width and spatial distribution across audio channels.,1,Möbius
Transverse color slider 0-1 step .01 default .58,"Numeric control range 0 to 1, step .01, default .58.",1,Möbius
Horizontal stereo slider 0-1 step .01 default .82,"Numeric control range 0 to 1, step .01, default .82.",1,Möbius
Seam halo slider 0-1 step .01 default .52,"Numeric control range 0 to 1, step .01, default .52.",1,Möbius
extensive canvas keyboard shortcuts,Hardware computer-keyboard transport and trigger shortcuts.,1,Möbius
Plane position slider 0-1 step .001 default .5,"Numeric control range 0 to 1, step .001, default .5.",1,Klein Bottle
Plane speed slider .01-1.2 cyc/s step .01 default .08,"Rate of playhead scanning, geometric traversal, or animation.",1,Klein Bottle
Plane yaw slider -180 to 180 step 1 default 24,"Numeric control range -180 to 180, step 1, default 24.",1,Klein Bottle
Plane pitch slider -180 to 180 step 1 default -14,"Numeric control range -180 to 180, step 1, default -14.",1,Klein Bottle
Loop radius slider 1.05-2.4 step .01 default 1.5,"Numeric control range 1.05 to 2.4, step .01, default 1.5.",1,Klein Bottle
Figure-eight radius slider .18-.72 step .01 default .42,Continuous slider control.,1,Klein Bottle
Figure-eight fold slider .35-1.65x step .01 default 1,Numeric control range 35 to 1.65.,1,Klein Bottle
Auto-rotate toggle button plus View speed slider -.25 to .25 rev/s step .005 default .03,"Rate of playhead scanning, geometric traversal, or animation.",1,Klein Bottle
Vertical pitch span slider .25-5oct step .05 default 3.1,Stereo width and spatial distribution across audio channels.,1,Klein Bottle
Transverse color slider 0-1 step .01 default .62,"Numeric control range 0 to 1, step .01, default .62.",1,Klein Bottle
Horizontal stereo slider 0-1 step .01 default .86,"Numeric control range 0 to 1, step .01, default .86.",1,Klein Bottle
Seam halo slider 0-1 step .01 default .58,"Numeric control range 0 to 1, step .01, default .58.",1,Klein Bottle
keyboard shortcuts,Hardware computer-keyboard transport and trigger shortcuts.,1,Klein Bottle
W position slider 0-1 step .001,"Numeric control range 0 to 1, step .001.",1,Hyper
Hyperplane speed slider .01-4 cyc/s step .01,"Rate of playhead scanning, geometric traversal, or animation.",1,Hyper
4D wireframe select,Discrete option selection menu.,1,Hyper
X/Y/Z/W stretch sliders .5-1.5x step .01,Numeric control range 5 to 1.5.,1,Hyper
per-plane Rotation X-W/Y-W/Z-W sliders -180 to 180 step 1,"Numeric control range -180 to 180, step 1.",1,Hyper
pointer-drag: horizontal sets Y-W rotation and vertical sets X-W rotation,Interactive canvas stage allowing direct pointer dragging of nodes/geometry.,1,Hyper
Sound Voice select,Discrete option selection menu.,1,Hyper
Percussion Attack slider .5-30ms step .5 and Decay slider 15-2000ms step 5,Envelope decay time or acoustic energy dissipation rate.,1,Hyper
FM index slider 0-12 step .05 and Modulator ratio slider .25-8 step .05,"Numeric control range 0 to 12, step .05.",1,Hyper
Send one graph note button,Action trigger button.,1,Graph Synth
Minimum edge time slider 20-600ms step 1,Numeric control range 20 to 600.,1,Graph Synth
Distance-time ratio slider 1-12x step .01,Numeric control range 1 to 12.,1,Graph Synth
Seed note slider 0-127 step 1,Generates or steps to a new pseudo-random generation seed.,1,Graph Synth
Pulse tempo slider 35-220 BPM step 1,Playback tempo in beats per minute (BPM).,1,Graph Synth
Node pass-through slider .2-1 step .01,"Numeric control range 2 to 1, step .01.",1,Graph Synth
Length response slider .25-3 step .05,"Numeric control range 25 to 3, step .05.",1,Graph Synth
Cycle amplitude return slider 0-.92 step .01,Continuous slider control.,1,Graph Synth
Cycle brightness retention slider .2-1 step .01,"Numeric control range 2 to 1, step .01.",1,Graph Synth
8 Topology preset buttons,Action trigger button.,1,Graph Synth
Nodes slider 3-32 step 1,"Numeric control range 3 to 32, step 1.",1,Graph Synth
Connection density slider 0-1 step .01,"Numeric control range 0 to 1, step .01.",1,Graph Synth
Graph seed slider 1-99 step 1,Generates or steps to a new pseudo-random generation seed.,1,Graph Synth
Node speed slider .01-.5 cyc/s step .01,"Rate of playhead scanning, geometric traversal, or animation.",1,Graph Synth
Node travel slider .01-.3 step .01,Continuous slider control.,1,Graph Synth
Graph-to-pitch mapping select,Discrete option selection menu.,1,Graph Synth
Full-turn pitch travel slider 0-4 oct/360deg step .01,Numeric control range 0 to 4.,1,Graph Synth
Position/Shepard span slider 0-5oct step .05,Stereo width and spatial distribution across audio channels.,1,Graph Synth
Pitch system select,Discrete option selection menu.,1,Graph Synth
Equal divisions/octave slider 1-360 step 1,"Numeric control range 1 to 360, step 1.",1,Graph Synth
Modulation depth slider 0-12 step .05,Fractal iteration depth or recursive expansion steps.,1,Graph Synth
Modulation ratio slider .25-8x step .05,Numeric control range 25 to 8.,1,Graph Synth
Note length select,Discrete option selection menu.,1,Graph Synth
Triggered duration slider 20-4000ms step 10,Numeric control range 20 to 4000.,1,Graph Synth
Attack slider 1-2000ms step 1,Numeric control range 1 to 2000.,1,Graph Synth
Decay slider 5-2400ms step 1,Envelope decay time or acoustic energy dissipation rate.,1,Graph Synth
Sustain slider 0-1 step .01,"Numeric control range 0 to 1, step .01.",1,Graph Synth
Release slider 2-5000ms step 1,Numeric control range 2 to 5000.,1,Graph Synth
Stereo spread slider 0-1 step .01,Stereo width and spatial distribution across audio channels.,1,Graph Synth
Reset Graph Synth button,Action trigger button.,1,Graph Synth
"canvas: click/drag nodes to move them, click an edge's switch glyph to open/close that route, with canvas focused Space sends a note, arrow keys move the selected node, Enter toggles its first outgoing route",Interactive canvas stage allowing direct pointer dragging of nodes/geometry.,1,Graph Synth
drag-mode toggle buttons,Two-state binary toggle switch.,1,Hyper Rubix
Sticker read path select,Discrete option selection menu.,1,Hyper Rubix
Instrument preset select,"Selects the active synthesis engine, voice mode, or preset.",1,Hyper Rubix
Playback preset select,"Selects the active synthesis engine, voice mode, or preset.",1,Hyper Rubix
Play shape loop button,Selects or morphs oscillator waveform shape.,1,Hyper Rubix
Restart loop button,Resets playback phase or algorithm loop to the start state.,1,Hyper Rubix
keyboard-navigable per-sticker hyperbar mute grid,Interactive instrument control.,1,Hyper Rubix
Twist tape select,Discrete option selection menu.,1,Hyper Rubix
Read order select,Discrete option selection menu.,1,Hyper Rubix
Pulse rate select,Discrete option selection menu.,1,Hyper Rubix
Automated twists select,Discrete option selection menu.,1,Hyper Rubix
Tempo slider 30-300 BPM step 1,Playback tempo in beats per minute (BPM).,1,Hyper Rubix
Swing slider 0-.42 step .01,Rhythmic swing timing applied to alternating clock steps.,1,Hyper Rubix
Twist density slider .25-1 step .01,"Numeric control range 25 to 1, step .01.",1,Hyper Rubix
Size/side select,Discrete option selection menu.,1,Hyper Rubix
8-button boundary-cell face picker,Action trigger button.,1,Hyper Rubix
dynamically rendered turn-plane picker for the selected cell's three internal planes,Discrete option selection menu.,1,Hyper Rubix
Quarter turn counterclockwise button,Action trigger button.,1,Hyper Rubix
Quarter turn clockwise button,Action trigger button.,1,Hyper Rubix
move-history readout,Real-time state display and parameter monitor.,1,Hyper Rubix
Scramble 12 button,Action trigger button.,1,Hyper Rubix
Unwind button,Action trigger button.,1,Hyper Rubix
Fourth-axis drift toggle button,Two-state binary toggle switch.,1,Hyper Rubix
4D projection depth slider 3.4-7 step .1,Fractal iteration depth or recursive expansion steps.,1,Hyper Rubix
Cell separation slider 0-.7 step .01,Continuous slider control.,1,Hyper Rubix
Hyper-sticker scale slider .36-1 step .01,"Numeric control range 36 to 1, step .01.",1,Hyper Rubix
Jump dimension button,Action trigger button.,1,Hyper Rubix
Filter center slider 0-1 step .01,Filter cutoff frequency and spectral resonance control.,1,Hyper Rubix
Body decay slider .02-4s step .01,Envelope decay time or acoustic energy dissipation rate.,1,Hyper Rubix
Connections-heard select,Discrete option selection menu.,1,Hyper Rubix
Network level slider 0-.8 step .01,Continuous slider control.,1,Hyper Rubix
Interval span slider 0-24 semitones step .25,Stereo width and spatial distribution across audio channels.,1,Hyper Rubix
Micro-strum slider 0-.08s step .001,Continuous slider control.,1,Hyper Rubix
Tail relationship select,Discrete option selection menu.,1,Hyper Rubix
Neighbor ring slider .02-4s step .01,Numeric control range 02 to 4.,1,Hyper Rubix
Cell+W warp slider 0-2 step .01,"Numeric control range 0 to 2, step .01.",1,Hyper Rubix
Rattlesnake preset toggle button,Two-state binary toggle switch.,1,Hyper Rubix
Pitch map influence slider 0-2 step .01,"Numeric control range 0 to 2, step .01.",1,Hyper Rubix
Filter motion influence slider 0-2 step .01,Filter cutoff frequency and spectral resonance control.,1,Hyper Rubix
Stereo spread influence slider 0-2 step .01,Stereo width and spatial distribution across audio channels.,1,Hyper Rubix
Neighbor response influence slider 0-2 step .01,"Numeric control range 0 to 2, step .01.",1,Hyper Rubix
W-depth influence slider 0-2 step .01,Fractal iteration depth or recursive expansion steps.,1,Hyper Rubix
Disorder response influence slider 0-2 step .01,"Numeric control range 0 to 2, step .01.",1,Hyper Rubix
Reset puzzle+parameters button,Action trigger button.,1,Hyper Rubix
Playhead position slider 0-1 step .0005,"Numeric control range 0 to 1, step .0005.",1,Shape Drum Machine
Playhead speed slider 0-1 step .001,"Rate of playhead scanning, geometric traversal, or animation.",1,Shape Drum Machine
Loop motion/Ping-pong motion buttons,Action trigger button.,1,Shape Drum Machine
Subdivisions/side slider 1-16 step 1,"Numeric control range 1 to 16, step 1.",1,Shape Drum Machine
Playhead type choice-switch,Two-state binary toggle switch.,1,Shape Drum Machine
Remove/Add playhead stepper buttons plus a Playhead number slider 1-12 step 1,"Numeric control range 1 to 12, step 1.",1,Shape Drum Machine
"per-playhead relative-spacing track with up to 12 draggable phase markers and per-head forward/reverse toggle buttons, shown/hidden per active head count",Two-state binary toggle switch.,1,Shape Drum Machine
Equidistant button,Action trigger button.,1,Shape Drum Machine
Rotation play/pause button,"Starts, pauses, or toggles the main playback transport.",1,Shape Drum Machine
Rotate angle slider -180 to 180 step 1 with a 0-degree reset button,"Numeric control range -180 to 180, step 1.",1,Shape Drum Machine
Rotation speed slider 0-4 rev/s step .01 with its own loop/ping-pong and direction toggles,"Rate of playhead scanning, geometric traversal, or animation.",1,Shape Drum Machine
Sides/points slider 1-32 step 1,"Numeric control range 1 to 32, step 1.",1,Shape Drum Machine
Contour type choice-switch,Two-state binary toggle switch.,1,Shape Drum Machine
Star depth slider .05-.82 step .01,Fractal iteration depth or recursive expansion steps.,1,Shape Drum Machine
Roundness signed slider -1 to 1 step .005,"Numeric control range -1 to 1, step .005.",1,Shape Drum Machine
Stretch signed slider -2 to 2 step .01,"Numeric control range -2 to 2, step .01.",1,Shape Drum Machine
Skew signed slider -2 to 2 step .01,"Numeric control range -2 to 2, step .01.",1,Shape Drum Machine
Geometry-to-character slider 0-1 step .01,"Numeric control range 0 to 1, step .01.",1,Shape Drum Machine
Simultaneous hit cap slider 1-16 step 1,"Numeric control range 1 to 16, step 1.",1,Shape Drum Machine
16-voice clickable drum-map grid for manual preview/audition,Interactive instrument control.,1,Shape Drum Machine
Reset shape drums button,Selects or morphs oscillator waveform shape.,1,Shape Drum Machine
"keyboard: Space toggles playback, Left/Right arrows move the playhead, Number/QWERT/ASDF/ZXCV keys preview/test the 16 drum voices directly",Two-state binary toggle switch.,1,Shape Drum Machine
Play/pause lattice motion button,"Starts, pauses, or toggles the main playback transport.",1,Lattice Drum Machine
Pattern phase slider 0-1 step .0005,"Numeric control range 0 to 1, step .0005.",1,Lattice Drum Machine
Pattern speed slider .01-.8 cyc/s step .005,"Rate of playhead scanning, geometric traversal, or animation.",1,Lattice Drum Machine
Pattern direction toggle,Reverses traversal or scanning direction (forward / reverse).,1,Lattice Drum Machine
Pattern direction angle slider 0-90 step .1,"Numeric control range 0 to 90, step .1.",1,Lattice Drum Machine
Reader line angle slider 0-179.9 step .1,"Numeric control range 0 to 179.9, step .1.",1,Lattice Drum Machine
editable prototile canvas with pointer-draggable corner vertices,Interactive canvas stage allowing direct pointer dragging of nodes/geometry.,1,Lattice Drum Machine
Density slider 0-.8 step .01,Continuous slider control.,1,Lattice Drum Machine
up to 6 dynamic Shape parameter sliders -.35 to .35 step .005,Selects or morphs oscillator waveform shape.,1,Lattice Drum Machine
up to 5 dynamic matching-edge curvature sliders -1 to 1 step .01,"Numeric control range -1 to 1, step .01.",1,Lattice Drum Machine
Drum engine select,Discrete option selection menu.,1,Lattice Drum Machine
Audition engine button,Action trigger button.,1,Lattice Drum Machine
Incidence-to-character slider 0-1 step .01,"Numeric control range 0 to 1, step .01.",1,Lattice Drum Machine
Strikes-per-frame slider 1-16 step 1,"Numeric control range 1 to 16, step 1.",1,Lattice Drum Machine
16-voice clickable drum-map grid for manual audition,Interactive instrument control.,1,Lattice Drum Machine
Reset lattice drums button,Action trigger button.,1,Lattice Drum Machine
canvas: drag to scrub/audition the lattice under the reader line,Interactive canvas stage allowing direct pointer dragging of nodes/geometry.,1,Lattice Drum Machine
Time path buttons,Action trigger button.,1,Spiral Drum Machine
Play/Pause transport button for reader time,"Starts, pauses, or toggles the main playback transport.",1,Spiral Drum Machine
Time phase slider,Continuous slider control.,1,Spiral Drum Machine
Time speed slider,"Rate of playhead scanning, geometric traversal, or animation.",1,Spiral Drum Machine
Time direction toggle button,Reverses traversal or scanning direction (forward / reverse).,1,Spiral Drum Machine
Loop vs Ping-pong movement toggle buttons,Two-state binary toggle switch.,1,Spiral Drum Machine
Size-affects-reader-time toggle button,Two-state binary toggle switch.,1,Spiral Drum Machine
Reader turns slider,Continuous slider control.,1,Spiral Drum Machine
Loop Play/Pause button for deep-zoom loop motion,"Starts, pauses, or toggles the main playback transport.",1,Spiral Drum Machine
Deep zoom slider,Continuous slider control.,1,Spiral Drum Machine
Loop speed slider,"Rate of playhead scanning, geometric traversal, or animation.",1,Spiral Drum Machine
Reverse zoom button,Action trigger button.,1,Spiral Drum Machine
Prototile select dropdown,Discrete option selection menu.,1,Spiral Drum Machine
editable prototile canvas with up to 6 draggable coral vertex handles,Interactive canvas stage allowing direct pointer dragging of nodes/geometry.,1,Spiral Drum Machine
up to 6 Shape parameter sliders,Selects or morphs oscillator waveform shape.,1,Spiral Drum Machine
up to 5 Matching-edge curvature sliders,Continuous slider control.,1,Spiral Drum Machine
Spiral A-turns slider,Continuous slider control.,1,Spiral Drum Machine
Spiral B-turns slider,Continuous slider control.,1,Spiral Drum Machine
Pattern scale slider,Continuous slider control.,1,Spiral Drum Machine
Pattern rotation slider,Continuous slider control.,1,Spiral Drum Machine
Voice-selection mapping-mode select dropdown,Discrete option selection menu.,1,Spiral Drum Machine
Radius-to-tuning depth slider,Fractal iteration depth or recursive expansion steps.,1,Spiral Drum Machine
Incidence-to-character depth slider,Fractal iteration depth or recursive expansion steps.,1,Spiral Drum Machine
16-cell drum-voice map grid,Interactive instrument control.,1,Spiral Drum Machine
Reset-all button,Action trigger button.,1,Spiral Drum Machine
drag/click directly on the main canvas spiral to scrub the reader position,Interactive canvas stage allowing direct pointer dragging of nodes/geometry.,1,Spiral Drum Machine
"Space toggles play, Left/Right arrows",Two-state binary toggle switch.,1,Spiral Drum Machine
Play/Pause button for surface position,"Starts, pauses, or toggles the main playback transport.",1,Solid Drum Machine
Surface position slider,Continuous slider control.,1,Solid Drum Machine
Surface speed slider,"Rate of playhead scanning, geometric traversal, or animation.",1,Solid Drum Machine
Surface direction toggle button,Reverses traversal or scanning direction (forward / reverse).,1,Solid Drum Machine
Loop vs Ping-pong buttons,Action trigger button.,1,Solid Drum Machine
Surface yaw slider,Continuous slider control.,1,Solid Drum Machine
Surface pitch slider,Continuous slider control.,1,Solid Drum Machine
Wireframe solid select dropdown,Discrete option selection menu.,1,Solid Drum Machine
Width/Height/Depth scale sliders,Fractal iteration depth or recursive expansion steps.,1,Solid Drum Machine
X skew/Z skew sliders,Continuous slider control.,1,Solid Drum Machine
Contact-mapping select dropdown,Discrete option selection menu.,1,Solid Drum Machine
Height-tuning slider,Continuous slider control.,1,Solid Drum Machine
Incidence-character slider,Continuous slider control.,1,Solid Drum Machine
Strike-limit slider,Continuous slider control.,1,Solid Drum Machine
16-cell drum-voice map,Interactive instrument control.,1,Solid Drum Machine
Shape vs Surface rotation-target toggle buttons above the canvas,Interactive canvas stage allowing direct pointer dragging of nodes/geometry.,1,Solid Drum Machine
drag on canvas to rotate whichever target,Interactive canvas stage allowing direct pointer dragging of nodes/geometry.,1,Solid Drum Machine
Reset-all-parameters button,Action trigger button.,1,Solid Drum Machine
Run/Stop transport button,"Starts, pauses, or toggles the main playback transport.",1,Hocket Luigi
Direction/motion-mode control group,Interactive instrument control.,1,Hocket Luigi
"circular canvas score - click/drag a ring position to place or move a pulse, Arrow keys move the selected cell, Enter/Space places, Delete/Backspace rests",Interactive canvas stage allowing direct pointer dragging of nodes/geometry.,1,Hocket Luigi
"linear step-grid buttons, one per voice per step",Action trigger button.,1,Hocket Luigi
Pulse/Rest edit-tool toggle buttons,Two-state binary toggle switch.,1,Hocket Luigi
Preserve-composite checkbox,Interactive instrument control.,1,Hocket Luigi
Study preset select dropdown,"Selects the active synthesis engine, voice mode, or preset.",1,Hocket Luigi
Voices select dropdown,Discrete option selection menu.,1,Hocket Luigi
Cycle select dropdown,Discrete option selection menu.,1,Hocket Luigi
Shift-voice select dropdown plus -1/+1 shift buttons,Action trigger button.,1,Hocket Luigi
per-voice Phase-shift sliders,Continuous slider control.,1,Hocket Luigi
Fill-from-collisions button,Action trigger button.,1,Hocket Luigi
Pair-swing slider,Rhythmic swing timing applied to alternating clock steps.,1,Hocket Luigi
Pulse-length slider,Continuous slider control.,1,Hocket Luigi
Marker-sound select dropdown,Discrete option selection menu.,1,Hocket Luigi
Listening-focus select dropdown,Discrete option selection menu.,1,Hocket Luigi
per-voice Audition-voice pad buttons,Action trigger button.,1,Hocket Luigi
Reset-this-study button,Action trigger button.,1,Hocket Luigi
Play/Pause cube transport button,"Starts, pauses, or toggles the main playback transport.",1,Rubix Cube Sequencer
Performance-preset select dropdown,"Selects the active synthesis engine, voice mode, or preset.",1,Rubix Cube Sequencer
Read-path button group,Action trigger button.,1,Rubix Cube Sequencer
Visibility-dynamics slider,Continuous slider control.,1,Rubix Cube Sequencer
Shape select dropdown,Selects or morphs oscillator waveform shape.,1,Rubix Cube Sequencer
Size slider,Continuous slider control.,1,Rubix Cube Sequencer
Scramble-18 button,Action trigger button.,1,Rubix Cube Sequencer
Solve-cube button,Action trigger button.,1,Rubix Cube Sequencer
Reset-view button,Action trigger button.,1,Rubix Cube Sequencer
Random-twists toggle button plus Twist-speed slider,"Rate of playhead scanning, geometric traversal, or animation.",1,Rubix Cube Sequencer
Selected-sticker indicator with 4-direction Move pad,Discrete option selection menu.,1,Rubix Cube Sequencer
Sound-bank select dropdown,Discrete option selection menu.,1,Rubix Cube Sequencer
Kit-level slider,Continuous slider control.,1,Rubix Cube Sequencer
303-engine select dropdown,Discrete option selection menu.,1,Rubix Cube Sequencer
Sticker-modulation slider,Continuous slider control.,1,Rubix Cube Sequencer
Cutoff slider,Filter cutoff frequency and spectral resonance control.,1,Rubix Cube Sequencer
Resonance slider,Filter resonance peak or physical body resonance amount.,1,Rubix Cube Sequencer
Accent-decay slider,Envelope decay time or acoustic energy dissipation rate.,1,Rubix Cube Sequencer
303-level slider,Continuous slider control.,1,Rubix Cube Sequencer
Reset-sound button,Action trigger button.,1,Rubix Cube Sequencer
"direct canvas interaction - drag a visible sticker to twist its row/column slice, drag empty stage space to orbit the whole form, click a sticker to select it",Interactive canvas stage allowing direct pointer dragging of nodes/geometry.,1,Rubix Cube Sequencer
Arrow keys turn the selected sticker's row/column,Discrete option selection menu.,1,Rubix Cube Sequencer
transport Play/Pause button,"Starts, pauses, or toggles the main playback transport.",1,Morphazoid Composer
Loop toggle button,Two-state binary toggle switch.,1,Morphazoid Composer
Tempo range slider,Playback tempo in beats per minute (BPM).,1,Morphazoid Composer
Patch preset select dropdown,"Selects the active synthesis engine, voice mode, or preset.",1,Morphazoid Composer
MIDI I/O toggle button,Two-state binary toggle switch.,1,Morphazoid Composer
Spatial Output summary button,Action trigger button.,1,Morphazoid Composer
Record mode select,Discrete option selection menu.,1,Morphazoid Composer
view-switcher tabs Constellation/Live Flow/Projected Timeline,Two-state binary toggle switch.,1,Morphazoid Composer
graph breadcrumb buttons to jump to an ancestor subgraph,Action trigger button.,1,Morphazoid Composer
device browser category filter buttons,Filter cutoff frequency and spectral resonance control.,1,Morphazoid Composer
"device cards with Insert-graph button, optional Open-instrument link, and drag-and-drop onto canvas to insert",Interactive canvas stage allowing direct pointer dragging of nodes/geometry.,1,Morphazoid Composer
node pointerdown-drag to reposition,Interactive canvas stage allowing direct pointer dragging of nodes/geometry.,1,Morphazoid Composer
double-click a subgraph node to enter it,Interactive instrument control.,1,Morphazoid Composer
click an output port then a compatible input port to connect,Interactive instrument control.,1,Morphazoid Composer
click an edge or node to select it in the Inspector,Discrete option selection menu.,1,Morphazoid Composer
Projected Timeline event markers draggable to move a rule's beat and double-clickable to reveal the generating node,Interactive instrument control.,1,Morphazoid Composer
Inspector fields vary by selection,Discrete option selection menu.,1,Morphazoid Composer
Escape cancels a connection or leaves the current subgraph,Interactive instrument control.,1,Morphazoid Composer
tile buttons - click or Enter/Space on any tile sharing the empty cell's row/column slides it and its line toward the gap,Action trigger button.,1,Sliding Puzzle
board keydown Arrow keys move the empty cell in screen space,Interactive instrument control.,1,Sliding Puzzle
Play/Pause transport button and global Space-bar shortcut,"Starts, pauses, or toggles the main playback transport.",1,Sliding Puzzle
Pulse-rate select,Discrete option selection menu.,1,Sliding Puzzle
Playback-direction select,Discrete option selection menu.,1,Sliding Puzzle
Playback-layout buttons,Action trigger button.,1,Sliding Puzzle
Read-path buttons,Action trigger button.,1,Sliding Puzzle
Rows and Columns sliders,Continuous slider control.,1,Sliding Puzzle
Scramble button,Action trigger button.,1,Sliding Puzzle
Solve/unwind button,Action trigger button.,1,Sliding Puzzle
Reset-puzzle button,Action trigger button.,1,Sliding Puzzle
Quarter-turn Rotate-left/Rotate-right buttons,Action trigger button.,1,Sliding Puzzle
Auto-slide toggle button plus Slide-speed slider,"Rate of playhead scanning, geometric traversal, or animation.",1,Sliding Puzzle
Tile-bank select,Discrete option selection menu.,1,Sliding Puzzle
Tile-tuning scale select,Discrete option selection menu.,1,Sliding Puzzle
"Brightness, Decay, Color-depth, Stereo-width, Pitch-span",Fractal iteration depth or recursive expansion steps.,1,Sliding Puzzle
puzzle-mapping sliders,Continuous slider control.,1,Sliding Puzzle
Reset-sound-and-clock button,Action trigger button.,1,Sliding Puzzle
Run-pool transport button plus global Space-bar shortcut,"Starts, pauses, or toggles the main playback transport.",1,Wave Pool
four manual event pad buttons - Paddle,Action trigger button.,1,Wave Pool
interactive overhead canvas - pointerdown at a position classifies it into paddle/breaker/wall/vortex zones and fires that event,Interactive canvas stage allowing direct pointer dragging of nodes/geometry.,1,Wave Pool
"16-step × 4-lane rhythm grid, each cell click-cycles through velocity levels",Interactive instrument control.,1,Wave Pool
Mutate-pattern and Clear-pattern buttons,Action trigger button.,1,Wave Pool
Pool-preset select dropdown plus preset quick-buttons,"Selects the active synthesis engine, voice mode, or preset.",1,Wave Pool
Artificial-generator select,Discrete option selection menu.,1,Wave Pool
Rhythm-tempo slider,Playback tempo in beats per minute (BPM).,1,Wave Pool
Valve-phase-swing slider,Rhythmic swing timing applied to alternating clock steps.,1,Wave Pool
Wave-height,Interactive instrument control.,1,Wave Pool
Stroke-force slider,Continuous slider control.,1,Wave Pool
Paddle-count slider,Continuous slider control.,1,Wave Pool
Machine-pickup slider,Continuous slider control.,1,Wave Pool
"Breaker-sensitivity, Drop/spray-contact, Entrained-air-density, Bubble-radius-field",Interactive instrument control.,1,Wave Pool
Circulation and Vortex-aeration sliders,Continuous slider control.,1,Wave Pool
Wet-boundary material select,Discrete option selection menu.,1,Wave Pool
"Wet-wall-contact, Structure-bleed, Water-loading/damping sliders",Continuous slider control.,1,Wave Pool
Listening-position select,Discrete option selection menu.,1,Wave Pool
Reset-pool button,Action trigger button.,1,Wave Pool
Play/Pause hyperplane-motion button,"Starts, pauses, or toggles the main playback transport.",1,Hyper Drum Machine
W-position slider,Continuous slider control.,1,Hyper Drum Machine
Hyperplane-speed slider,"Rate of playhead scanning, geometric traversal, or animation.",1,Hyper Drum Machine
Direction-toggle button,Reverses traversal or scanning direction (forward / reverse).,1,Hyper Drum Machine
Loop and Ping-pong motion-mode buttons,Action trigger button.,1,Hyper Drum Machine
4D-wireframe shape select,Selects or morphs oscillator waveform shape.,1,Hyper Drum Machine
X/Y/Z/W-stretch sliders,Continuous slider control.,1,Hyper Drum Machine
"per-plane 4D-rotation angle sliders for X-W, Y-W, Z-W",Continuous slider control.,1,Hyper Drum Machine
pointerdown-drag to spin X-W/Y-W rotation directly,Interactive canvas stage allowing direct pointer dragging of nodes/geometry.,1,Hyper Drum Machine
Voice-selection/mapping-mode select,Discrete option selection menu.,1,Hyper Drum Machine
W-incidence-to-character slider,Continuous slider control.,1,Hyper Drum Machine
16-cell read-only drum-map display,Real-time state display and parameter monitor.,1,Hyper Drum Machine
Space-bar toggles play,Two-state binary toggle switch.,1,Hyper Drum Machine
Reset-hyper-drums button,Action trigger button.,1,Hyper Drum Machine
Traversal direction toggle button,Reverses traversal or scanning direction (forward / reverse).,1,L-System Drum Machine
Subdivisions slider,Continuous slider control.,1,L-System Drum Machine
Grammar preset select,"Selects the active synthesis engine, voice mode, or preset.",1,L-System Drum Machine
Iteration playback select,Discrete option selection menu.,1,L-System Drum Machine
Drum source select,Discrete option selection menu.,1,L-System Drum Machine
Percussion palette select,Discrete option selection menu.,1,L-System Drum Machine
Height pitch slider,Continuous slider control.,1,L-System Drum Machine
Angle pitch slider,Continuous slider control.,1,L-System Drum Machine
Angle range slider,Continuous slider control.,1,L-System Drum Machine
Character depth slider,Fractal iteration depth or recursive expansion steps.,1,L-System Drum Machine
16 drum-voice grid buttons,Action trigger button.,1,L-System Drum Machine
keyboard shortcuts when canvas focused,Hardware computer-keyboard transport and trigger shortcuts.,1,L-System Drum Machine
Send one graph pulse button,Action trigger button.,1,Graph Drum Machine
Minimum edge time slider,Continuous slider control.,1,Graph Drum Machine
Distance-time ratio slider,Continuous slider control.,1,Graph Drum Machine
Seed note slider,Generates or steps to a new pseudo-random generation seed.,1,Graph Drum Machine
Pulse tempo slider,Playback tempo in beats per minute (BPM).,1,Graph Drum Machine
Percussion style select,Discrete option selection menu.,1,Graph Drum Machine
16-cell drum map grid,Interactive instrument control.,1,Graph Drum Machine
Node pass-through slider,Continuous slider control.,1,Graph Drum Machine
Length response slider,Continuous slider control.,1,Graph Drum Machine
Cycle amplitude return slider,Continuous slider control.,1,Graph Drum Machine
Cycle tone retention slider,Continuous slider control.,1,Graph Drum Machine
8 preset buttons,Action trigger button.,1,Graph Drum Machine
Nodes slider,Continuous slider control.,1,Graph Drum Machine
Connection density slider,Continuous slider control.,1,Graph Drum Machine
Graph seed slider,Generates or steps to a new pseudo-random generation seed.,1,Graph Drum Machine
Node speed slider,"Rate of playhead scanning, geometric traversal, or animation.",1,Graph Drum Machine
Node travel slider,Continuous slider control.,1,Graph Drum Machine
Node-to-voice mapping select,Discrete option selection menu.,1,Graph Drum Machine
Height-to-pitch slider,Continuous slider control.,1,Graph Drum Machine
Turn-to-pitch slider,Continuous slider control.,1,Graph Drum Machine
Graph-to-character slider,Continuous slider control.,1,Graph Drum Machine
node drag,Interactive instrument control.,1,Graph Drum Machine
edge-switch click,Two-state binary toggle switch.,1,Graph Drum Machine
Loop length radio group,Interactive instrument control.,1,Rattle Snake Skin
Color-layer palette swatches,Interactive instrument control.,1,Rattle Snake Skin
Layer role radio group,Interactive instrument control.,1,Rattle Snake Skin
Modulator target select,Discrete option selection menu.,1,Rattle Snake Skin
Modulator amount slider,Continuous slider control.,1,Rattle Snake Skin
Brush size slider,Continuous slider control.,1,Rattle Snake Skin
Outline density slider,Continuous slider control.,1,Rattle Snake Skin
pointer paint,Interactive canvas stage allowing direct pointer dragging of nodes/geometry.,1,Rattle Snake Skin
erase tool removes marks),Interactive instrument control.,1,Rattle Snake Skin
keyboard Space toggles play/pause when no input/select/button focused,"Starts, pauses, or toggles the main playback transport.",1,Rattle Snake Skin
Start camera button,Action trigger button.,1,Gesturama
Camera on/off button,Action trigger button.,1,Gesturama
Mirror camera toggle button,Two-state binary toggle switch.,1,Gesturama
Mute button,Action trigger button.,1,Gesturama
Sound palette buttons,Action trigger button.,1,Gesturama
Record sample button,Action trigger button.,1,Gesturama
Clear sample button,Action trigger button.,1,Gesturama
Undo/Redo buttons,Action trigger button.,1,Gesturama
Paint size slider,Continuous slider control.,1,Gesturama
Load starter kit button,Action trigger button.,1,Gesturama
Clear canvas button,Interactive canvas stage allowing direct pointer dragging of nodes/geometry.,1,Gesturama
"Color tracker: Pick-from-video eyedropper button, Tolerance slider",Continuous slider control.,1,Gesturama
Motion vision: Sensitivity slider,Continuous slider control.,1,Gesturama
Motion view toggle button,Two-state binary toggle switch.,1,Gesturama
pointer/touch paint directly on the camera canvas using the selected tool,Interactive canvas stage allowing direct pointer dragging of nodes/geometry.,1,Gesturama
keyboard Escape cancels an armed color picker,Interactive instrument control.,1,Gesturama
Letters-to-sing text input,Interactive instrument control.,1,Wheel of Organs
Spin wheel button,Action trigger button.,1,Wheel of Organs
Set letter wheel button,Action trigger button.,1,Wheel of Organs
7 organ preset buttons,Action trigger button.,1,Wheel of Organs
Whole-organism sliders: root glottis,Continuous slider control.,1,Wheel of Organs
Selected-mouth petal switch buttons,Two-state binary toggle switch.,1,Wheel of Organs
Assigned-letter select,Discrete option selection menu.,1,Wheel of Organs
Mouth-voiced toggle button,Two-state binary toggle switch.,1,Wheel of Organs
Per-mouth sliders: radial pull,Continuous slider control.,1,Wheel of Organs
Make this mouth sing button,Action trigger button.,1,Wheel of Organs
Reset organism button,Action trigger button.,1,Wheel of Organs
pointer/drag gestures directly on each mouth,Interactive canvas stage allowing direct pointer dragging of nodes/geometry.,1,Wheel of Organs
Record,Interactive instrument control.,1,Lumber Loops
Play,Interactive instrument control.,1,Lumber Loops
While-recording switch,Two-state binary toggle switch.,1,Lumber Loops
Replace active,Interactive instrument control.,1,Lumber Loops
Clear all rings,Interactive instrument control.,1,Lumber Loops
Sync all rings,Interactive instrument control.,1,Lumber Loops
Ring list rows,Interactive instrument control.,1,Lumber Loops
Default shape switch,Selects or morphs oscillator waveform shape.,1,Lumber Loops
Loop vertices stepper,Interactive instrument control.,1,Lumber Loops
Reset to circle,Interactive instrument control.,1,Lumber Loops
Ring clock switch,Two-state binary toggle switch.,1,Lumber Loops
Live cycle length switch,Two-state binary toggle switch.,1,Lumber Loops
Playback heads stepper,Interactive instrument control.,1,Lumber Loops
Head offset sliders,Continuous slider control.,1,Lumber Loops
Local pitch depth,Fractal iteration depth or recursive expansion steps.,1,Lumber Loops
Delay ring on/off,Interactive instrument control.,1,Lumber Loops
Reset delay ring,Interactive instrument control.,1,Lumber Loops
Play delay ring rotation,Interactive instrument control.,1,Lumber Loops
Rotation speed,"Rate of playhead scanning, geometric traversal, or animation.",1,Lumber Loops
Filter tone,Filter cutoff frequency and spectral resonance control.,1,Lumber Loops
Filter resonance,Filter cutoff frequency and spectral resonance control.,1,Lumber Loops
View mode switch,Two-state binary toggle switch.,1,Lumber Loops
View tilt,Interactive instrument control.,1,Lumber Loops
View orbit,Interactive instrument control.,1,Lumber Loops
Active ring depth,Fractal iteration depth or recursive expansion steps.,1,Lumber Loops
Spread rings in depth,Fractal iteration depth or recursive expansion steps.,1,Lumber Loops
Reverb switch,Two-state binary toggle switch.,1,Lumber Loops
Fuzz switch,Two-state binary toggle switch.,1,Lumber Loops
Fuzz level,Interactive instrument control.,1,Lumber Loops
vertex drag,Interactive instrument control.,1,Lumber Loops
ring-body drag,Interactive instrument control.,1,Lumber Loops
"delay-ring vertex drag - reshapes the shared FX delay ring contour, adjusting per-vertex wet/time/feedback offsets",Feedback gain recirculating audio or delay loops.,1,Lumber Loops
global Space toggles play/pause,"Starts, pauses, or toggles the main playback transport.",1,Lumber Loops
global key R starts/stops recording,Interactive instrument control.,1,Lumber Loops
Freeze button,Action trigger button.,1,L-system Delay
15 generation preset buttons,Action trigger button.,1,L-system Delay
click to load an L-system grammar preset),Interactive instrument control.,1,L-system Delay
L-system type select,Discrete option selection menu.,1,L-system Delay
Generations,Interactive instrument control.,1,L-system Delay
Pruning bias,Interactive instrument control.,1,L-system Delay
Interval,Interactive instrument control.,1,L-system Delay
Child time ratio,Interactive instrument control.,1,L-system Delay
Pitch detail select,Discrete option selection menu.,1,L-system Delay
Branch angle,Interactive instrument control.,1,L-system Delay
Angle response curve,Interactive instrument control.,1,L-system Delay
Reload selected preset button,Action trigger button.,1,L-system Delay
Wet,Interactive instrument control.,1,L-system Delay
Dry,Interactive instrument control.,1,L-system Delay
Spread,Interactive instrument control.,1,L-system Delay
13 graph patch preset buttons,Action trigger button.,1,Graph Delay
click to load a preset topology),Interactive instrument control.,1,Graph Delay
Topology select,Discrete option selection menu.,1,Graph Delay
Nodes,Interactive instrument control.,1,Graph Delay
Connection density,Interactive instrument control.,1,Graph Delay
Graph seed,Generates or steps to a new pseudo-random generation seed.,1,Graph Delay
New seeded graph button,Generates or steps to a new pseudo-random generation seed.,1,Graph Delay
Node pass-through,Interactive instrument control.,1,Graph Delay
Shared edge delay,Interactive instrument control.,1,Graph Delay
Edge-length variation,Interactive instrument control.,1,Graph Delay
Length response curve,Interactive instrument control.,1,Graph Delay
Angle response,Interactive instrument control.,1,Graph Delay
Pitch glide,Interactive instrument control.,1,Graph Delay
Feedback decay,Envelope decay time or acoustic energy dissipation rate.,1,Graph Delay
Feedback damping,Feedback gain recirculating audio or delay loops.,1,Graph Delay
Graph presence/wet,Interactive instrument control.,1,Graph Delay
Direct microphone/dry,Interactive instrument control.,1,Graph Delay
Node motion play button,Action trigger button.,1,Graph Delay
Mic motion play button,Action trigger button.,1,Graph Delay
Stop motion and reset mic button,Action trigger button.,1,Graph Delay
Local MGA stream engine URL field,Interactive instrument control.,1,Micromorph
derivation chamber canvas,Interactive canvas stage allowing direct pointer dragging of nodes/geometry.,1,Micromorph
"keydown: ArrowLeft/ArrowDown -0.02, ArrowRight/ArrowUp +0.02, PageDown -0.1, PageUp +0.1, Home to 0, End to 1",Interactive instrument control.,1,Micromorph
Ancestor distance slider,Continuous slider control.,1,Micromorph
Starting organism preset grid,Interactive instrument control.,1,Micromorph
Ancestor A / Ancestor B anchor controls,Interactive instrument control.,1,Micromorph
A/B body mix - Material,Interactive instrument control.,1,Micromorph
Structure lock,Interactive instrument control.,1,Micromorph
Memory,Interactive instrument control.,1,Micromorph
Continuation,Interactive instrument control.,1,Micromorph
Input level/gain,Interactive instrument control.,1,Micromorph
Connect mic button,Action trigger button.,1,Plugazoid
Test signal button,Action trigger button.,1,Plugazoid
Community effect select,Discrete option selection menu.,1,Plugazoid
Load selected WAM button,Action trigger button.,1,Plugazoid
Open selected module URL link,Discrete option selection menu.,1,Plugazoid
Reload list button,Action trigger button.,1,Plugazoid
WAM GUI host container,Interactive instrument control.,1,Plugazoid
Bypass loaded WAM button,Action trigger button.,1,Plugazoid
Unload WAM button,Action trigger button.,1,Plugazoid
A-Z phoneme dock buttons,Action trigger button.,1,Throatazoid
also bound as keyboard shortcuts 0-9 and A-Z/Shift+A-Z on the whole page),Hardware computer-keyboard transport and trigger shortcuts.,1,Throatazoid
Quick synth voice / Quick mic buttons,Action trigger button.,1,Throatazoid
17 voice-preset buttons,Action trigger button.,1,Throatazoid
click to snap the tract to a named preset),Interactive instrument control.,1,Throatazoid
Source select buttons - Mic / Glottis / Hybrid,Action trigger button.,1,Throatazoid
Pressure-source count control,Interactive instrument control.,1,Throatazoid
Excitation level meter,Real-time state display and parameter monitor.,1,Throatazoid
Input hunger/trim,Interactive instrument control.,1,Throatazoid
Input stability,Interactive instrument control.,1,Throatazoid
internal-glottis controls: Pitch,Interactive instrument control.,1,Throatazoid
Articulation panel,Stereo width and spatial distribution across audio channels.,1,Throatazoid
Awaken button,Action trigger button.,1,Throatazoid
Mouth branches/throat count,Interactive instrument control.,1,Throatazoid
per-throat motion target toggle buttons,Two-state binary toggle switch.,1,Throatazoid
click to include in animation) and Motion depth,Fractal iteration depth or recursive expansion steps.,1,Throatazoid
Root airway length,Interactive instrument control.,1,Throatazoid
Close Airway/mute-throat button,Action trigger button.,1,Throatazoid
selected-mouth Aperture,Discrete option selection menu.,1,Throatazoid
Tongues count,Interactive instrument control.,1,Throatazoid
Noses count,Interactive instrument control.,1,Throatazoid
Oral closure,Interactive instrument control.,1,Throatazoid
Organism/wet,Interactive instrument control.,1,Throatazoid
Record organism button,Action trigger button.,1,Throatazoid
Pronunciation input text field,Interactive instrument control.,1,Pink Trombonazoid
4 example-word preset buttons,Action trigger button.,1,Pink Trombonazoid
Say word/play button,Action trigger button.,1,Pink Trombonazoid
Vertical timeline zoom,Interactive instrument control.,1,Pink Trombonazoid
SVG phoneme timeline,Interactive instrument control.,1,Pink Trombonazoid
"double-click adds a key, Delete removes it",Interactive instrument control.,1,Pink Trombonazoid
MOD reveals per-lane Speed/Depth modulation contours with their own draggable keys,"Rate of playhead scanning, geometric traversal, or animation.",1,Pink Trombonazoid
"phoneme ruler Phone+/reorder/remove controls insert, reorder",Interactive instrument control.,1,Pink Trombonazoid
Selected-gesture editor: Pronunciation sound select,Discrete option selection menu.,1,Pink Trombonazoid
Throats count,Interactive instrument control.,1,Pink Trombonazoid
Speech rate,Interactive instrument control.,1,Pink Trombonazoid
Loop breath/word gap,Interactive instrument control.,1,Pink Trombonazoid
Bypass modulators button,Action trigger button.,1,Pink Trombonazoid
Bypass effects/dry button,Action trigger button.,1,Pink Trombonazoid
Saturation/drive,Interactive instrument control.,1,Pink Trombonazoid
Begin drone/sing button,Action trigger button.,1,Throat Singing
Ornament button,Action trigger button.,1,Throat Singing
interactive side-view tract canvas,Interactive canvas stage allowing direct pointer dragging of nodes/geometry.,1,Throat Singing
keyboard: arrow keys move the overtone focus,Interactive instrument control.,1,Throat Singing
Singing-approach preset button row,Action trigger button.,1,Throat Singing
Drone-note buttons A/S/D/F/G/H/J/K,Action trigger button.,1,Throat Singing
True-fold frequency,Interactive instrument control.,1,Throat Singing
Source pressure,Interactive instrument control.,1,Throat Singing
Adduction/pressedness,Interactive instrument control.,1,Throat Singing
Vocal fry/creak,Interactive instrument control.,1,Throat Singing
Growl/source roughness,Interactive instrument control.,1,Throat Singing
Ventricular-fold coupling,Interactive instrument control.,1,Throat Singing
Closure period,Interactive instrument control.,1,Throat Singing
Selected harmonic,Discrete option selection menu.,1,Throat Singing
Formant convergence,Interactive instrument control.,1,Throat Singing
Upper-pharynx/uvular constriction,Interactive instrument control.,1,Throat Singing
Alveolar/oral constriction,Interactive instrument control.,1,Throat Singing
Lip rounding,Interactive instrument control.,1,Throat Singing
Sublingual branch coupling,Interactive instrument control.,1,Throat Singing
Drone vibrato,Interactive instrument control.,1,Throat Singing
Vibrato rate,Interactive instrument control.,1,Throat Singing
Overtone ornament rate,Interactive instrument control.,1,Throat Singing
Ornament span,Stereo width and spatial distribution across audio channels.,1,Throat Singing
Pressure pulse rate,Interactive instrument control.,1,Throat Singing
Pulse depth,Fractal iteration depth or recursive expansion steps.,1,Throat Singing
speculative-lab extras: Parallel airways,Interactive instrument control.,1,Throat Singing
interactive face/tract canvas,Interactive canvas stage allowing direct pointer dragging of nodes/geometry.,1,Syrinx
Play/trigger button,Action trigger button.,1,Syrinx
Call select,Discrete option selection menu.,1,Syrinx
Randomize all parameters button,Generates or steps to a new pseudo-random generation seed.,1,Syrinx
Membrane tension,Interactive instrument control.,1,Syrinx
Adduction/closure,Interactive instrument control.,1,Syrinx
Mouth/beak opening,Interactive instrument control.,1,Syrinx
Radiation-mode coupling,Interactive instrument control.,1,Syrinx
Left/right syrinx balance,Interactive instrument control.,1,Syrinx
Roughness/bifurcation,Interactive instrument control.,1,Syrinx
"3 independent LFO modulators, each with: Enable button",Action trigger button.,1,Syrinx
Vibrato/Howl-drift/Clear quick-modulator buttons,Action trigger button.,1,Syrinx
Silence between calls/loop gap,Interactive instrument control.,1,Syrinx
10 tongue-motion buttons P,Action trigger button.,1,Tongued Beasts
Body position,Interactive instrument control.,1,Tongued Beasts
4 Feral preset buttons,Action trigger button.,1,Tongued Beasts
Reset beast button,Action trigger button.,1,Tongued Beasts
"10 tongue-motion buttons P, B, L, RR, BRR, LA, ~, @, LICK, SUK plus a CLEAR button to remove all clips",Action trigger button.,1,Hybrinx
"parameter-shelf add-buttons to add a keyframe lane for Source scale, Tract length, Output level, Tongue position, Tongue height, Tongue shape, Tongue tip, Tongue extension, Tongue curl, or Tongue lateral",Master audio output level and gain control slider.,1,Hybrinx
Timeline duration field,Interactive instrument control.,1,Hybrinx
Timeline horizontal zoom,Interactive instrument control.,1,Hybrinx
Reset call button,Action trigger button.,1,Hybrinx
keyframe timeline,Interactive instrument control.,1,Hybrinx
"Body position, Body height, Body focus, Tip lift, Elastic reach, Tip curl, Lateral side leak",Interactive instrument control.,1,Hybrinx
"Breath pressure, Membrane tension, Adduction/closure, Source scale",Interactive instrument control.,1,Hybrinx
"Physical tract length, Mouth/beak opening, Side-cavity coupling",Interactive instrument control.,1,Hybrinx
"Left/right asymmetry, Paired-source balance, Roughness/bifurcation",Interactive instrument control.,1,Hybrinx
"Gesture rate, Silence between calls",Interactive instrument control.,1,Hybrinx
Reset Hybrinx button,Action trigger button.,1,Hybrinx
interactive creature canvas showing a front-view horned mammal-bird hybrid with draggable anatomy controls,Interactive canvas stage allowing direct pointer dragging of nodes/geometry.,1,Creaturazoid
Mutate shape button,Selects or morphs oscillator waveform shape.,1,Creaturazoid
Sequence length knob,Interactive instrument control.,1,Creaturazoid
Sequence pattern select,Discrete option selection menu.,1,Creaturazoid
Randomize pattern button and Clear pattern button,Generates or steps to a new pseudo-random generation seed.,1,Creaturazoid
Swing,Rhythmic swing timing applied to alternating clock steps.,1,Creaturazoid
Body shape preset select,"Selects the active synthesis engine, voice mode, or preset.",1,Creaturazoid
Anatomy select,Discrete option selection menu.,1,Creaturazoid
Mutate body shape button,Selects or morphs oscillator waveform shape.,1,Creaturazoid
Cheek cavity,Interactive instrument control.,1,Creaturazoid
Ear spread,Interactive instrument control.,1,Creaturazoid
Feather-motion Target select,Discrete option selection menu.,1,Creaturazoid
sequence step grid,Interactive instrument control.,1,Creaturazoid
"keyboard-navigable via arrow keys and Enter/Space, Space also starts/stops the sequence and Escape silences)",Interactive instrument control.,1,Creaturazoid
playable call-pad bank,Interactive instrument control.,1,Creaturazoid
Reset creature and pattern button,Action trigger button.,1,Creaturazoid
interactive gait canvas,Interactive canvas stage allowing direct pointer dragging of nodes/geometry.,1,Quadruped
Group-mode buttons Solo/Herd/Trio,Action trigger button.,1,Quadruped
per-actor select buttons A/B/C,Action trigger button.,1,Quadruped
"Remix button, Clear feet button, Call phrase button, Clear calls button",Action trigger button.,1,Quadruped
"4 pace-ratio buttons 1/2x, 1x, 2x, 3x",Action trigger button.,1,Quadruped
Air/slide rest-beats,Interactive instrument control.,1,Quadruped
4 foot-lane pad buttons LF/RF/LH/RH with keyboard shortcuts 1/2/3/4,Hardware computer-keyboard transport and trigger shortcuts.,1,Quadruped
"15 animal-select buttons Elephant, Unicorn, Gazelle, Cat, Cheetah, Giraffe, Lizard, Horse, Dog, Goat, Rabbit, Camel, Mouse, Triceratops, Frog",Action trigger button.,1,Quadruped
Stride reach,Interactive instrument control.,1,Quadruped
Ground/terrain select,Discrete option selection menu.,1,Quadruped
Ground resonance,Filter resonance peak or physical body resonance amount.,1,Quadruped
Slide grain,Interactive instrument control.,1,Quadruped
Stair depth/cavern,Fractal iteration depth or recursive expansion steps.,1,Quadruped
Reset animal and gait button,Action trigger button.,1,Quadruped
interactive organ-graph canvas,Interactive canvas stage allowing direct pointer dragging of nodes/geometry.,1,Monstrozoid
"Scatter button, Align/reset button, Motion toggle button",Two-state binary toggle switch.,1,Monstrozoid
16 individual lung toggle buttons,Two-state binary toggle switch.,1,Monstrozoid
"click enables/disables that lung, changing bank pressure)",Interactive instrument control.,1,Monstrozoid
4 phonator source panels,Stereo width and spatial distribution across audio channels.,1,Monstrozoid
12-button route-valve matrix,Action trigger button.,1,Monstrozoid
3 mouth panels,Stereo width and spatial distribution across audio channels.,1,Monstrozoid
"Randomize contours button, Randomize all parameters button",Generates or steps to a new pseudo-random generation seed.,1,Monstrozoid
Call preset select,"Selects the active synthesis engine, voice mode, or preset.",1,Monstrozoid
Play continuous flow button,Action trigger button.,1,Monstrozoid
Close all/panic button,Stereo width and spatial distribution across audio channels.,1,Monstrozoid
Preset-text readonly textarea,Interactive instrument control.,1,Monstrozoid
structural count sliders: Lungs,Continuous slider control.,1,Monstrozoid
Randomize Body / Randomize Routing / Randomize Contours buttons,Generates or steps to a new pseudo-random generation seed.,1,Monstrozoid
Manual-pressure/breath button,Action trigger button.,1,Monstrozoid
Valve-behavior/performance-mode select,Discrete option selection menu.,1,Monstrozoid
Evolution duration/tempo,Playback tempo in beats per minute (BPM).,1,Monstrozoid
Contour depth/swing,Rhythmic swing timing applied to alternating clock steps.,1,Monstrozoid
Back-pressure coupling,Interactive instrument control.,1,Monstrozoid
Valve slew,Interactive instrument control.,1,Monstrozoid
Reservoir leak,Interactive instrument control.,1,Monstrozoid
Learn MIDI route map button,Action trigger button.,1,Monstrozoid
Audio button toggles audio on/off,Global audio engine master enable/disable toggle.,1,Blowhole
"Play call button/Space key, data-primary-transport, triggers one call gesture",Action trigger button.,1,Blowhole
Loop button toggles call looping,Two-state binary toggle switch.,1,Blowhole
"Hold to sound button/B key, press-and-hold manual pressure drive",Action trigger button.,1,Blowhole
Blowhole valve button opens external valve for one finite pressure-driven surface breath,Action trigger button.,1,Blowhole
"External valve aperture slider 0-1 step 0.01 default 0, valve flow area","Numeric control range 0 to 1, step 0.01, default 0,.",1,Blowhole
"Comparative voice map slider 0-7 step 1 default 1 with 8 labeled stops B call, Moan, Song, Whistle, Pulse, Coda, Clicks, Buzz","Numeric control range 0 to 7, step 1, default 1.",1,Blowhole
Source-family tabs TOOTHED/BALEEN buttons,Action trigger button.,1,Blowhole
Call gesture select dropdown,Discrete option selection menu.,1,Blowhole
dynamically populated call preset buttons,Action trigger button.,1,Blowhole
Lung pressure slider 0-1 default 0.8,"Numeric control range 0 to 1, default 0.8.",1,Blowhole
U-fold tension slider 0-1 default 0.5,"Numeric control range 0 to 1, default 0.5.",1,Blowhole
Fold/cushion gap slider 0-1 default 0.76,"Numeric control range 0 to 1, default 0.76.",1,Blowhole
Radiation bias slider -1 to 1 default 0,"Numeric control range -1 to 1, default 0.",1,Blowhole
Laryngeal sac coupling slider 0-1 default 0.82,"Numeric control range 0 to 1, default 0.82.",1,Blowhole
Throat/body radiation slider 0-1 default 0.46,"Numeric control range 0 to 1, default 0.46.",1,Blowhole
Larynx scale slider 0-1 default 0.74,"Numeric control range 0 to 1, default 0.74.",1,Blowhole
Tissue irregularity slider 0-1 default 0.18,"Numeric control range 0 to 1, default 0.18.",1,Blowhole
Propagation environment radio group Calm water/Open air/Windy air/Choppy surface,Interactive instrument control.,1,Blowhole
Path length slider 1-500m default 40,Numeric control range 1 to 500.,1,Blowhole
Acoustic path amount slider 0-1 default 0.72,"Numeric control range 0 to 1, default 0.72.",1,Blowhole
"Manual pulse rate slider, disabled placeholder for this source",Continuous slider control.,1,Blowhole
Model depth slider 0-3000m default 12,Fractal iteration depth or recursive expansion steps.,1,Blowhole
Frequency monitor select Audible proxy/Physical band,Discrete option selection menu.,1,Blowhole
Reset instrument button,Action trigger button.,1,Blowhole
draggable canvas organ nodes on the cutaway diagram mirroring pressure/tension/closure/asymmetry/recycle/focus/scale sliders,Interactive canvas stage allowing direct pointer dragging of nodes/geometry.,1,Blowhole
read-only timeline canvas with live playhead,Interactive canvas stage allowing direct pointer dragging of nodes/geometry.,1,Blowhole
"Pluck reed button/Space, data-primary-transport",Action trigger button.,1,Jaw Harp
Repeat button/R key toggles automatic rhythmic plucking,Two-state binary toggle switch.,1,Jaw Harp
Physical harp/material select plus number keys 1-5,Numeric control range 1 to 5.,1,Jaw Harp
Reference performance select with linked source credit link,Discrete option selection menu.,1,Jaw Harp
"Mouth vowel shape buttons, dynamic, A/E/I/O/U keys",Selects or morphs oscillator waveform shape.,1,Jaw Harp
Randomize sound+performance button,Generates or steps to a new pseudo-random generation seed.,1,Jaw Harp
Vowel phrase select,Discrete option selection menu.,1,Jaw Harp
Vowel phrase timing mode buttons Off/With plucks/With breath,Action trigger button.,1,Jaw Harp
Reed fundamental slider 38-180Hz default 76,Numeric control range 38 to 180.,1,Jaw Harp
Mechanical decay slider 0.35-8s default 4.4,Envelope decay time or acoustic energy dissipation rate.,1,Jaw Harp
Lamella stiffness slider 0-1 default 0.72,"Numeric control range 0 to 1, default 0.72.",1,Jaw Harp
Pluck point slider 0.08-0.92 default 0.29,"Numeric control range 0.08 to 0.92, default 0.29.",1,Jaw Harp
"Tine tension scale slider 0.005-4 default 0.92, also set by canvas drag-pull distance up to 400% overpull",Interactive canvas stage allowing direct pointer dragging of nodes/geometry.,1,Jaw Harp
Inhale/Exhale hold buttons with bracket keys,Action trigger button.,1,Jaw Harp
Automatic breath cycle toggle,Two-state binary toggle switch.,1,Jaw Harp
"Breath gesture XY pad drag, X=breath rate Y=breath depth, plus arrow-key fine adjust",Fractal iteration depth or recursive expansion steps.,1,Jaw Harp
Breath noise amount slider 0-1 default 0.32,"Numeric control range 0 to 1, default 0.32.",1,Jaw Harp
Breath filter/color slider 0-1 default 0.36,Filter cutoff frequency and spectral resonance control.,1,Jaw Harp
Breath pressure slider 0-3 default 0.72,"Numeric control range 0 to 3, default 0.72.",1,Jaw Harp
Breath oscillator rate slider 1-1200 cycles/min default 42,Numeric control range 1 to 1200.,1,Jaw Harp
In/out duration slider 0.02-0.98 default 0.46,"Numeric control range 0.02 to 0.98, default 0.46.",1,Jaw Harp
Tongue front/back slider -2 to 3 default 0.48,"Numeric control range -2 to 3, default 0.48.",1,Jaw Harp
Tongue height slider -2 to 3 default 0.22,"Numeric control range -2 to 3, default 0.22.",1,Jaw Harp
Jaw opening slider -2 to 3 default 0.72,"Numeric control range -2 to 3, default 0.72.",1,Jaw Harp
Lip rounding slider -2 to 3 default 0.08,"Numeric control range -2 to 3, default 0.08.",1,Jaw Harp
Harmonic focus slider -2 to 3 default 0.48,"Numeric control range -2 to 3, default 0.48.",1,Jaw Harp
Mouth coupling slider 0-2 default 0.82,"Numeric control range 0 to 2, default 0.82.",1,Jaw Harp
Unbreathed resonance slider 0-1 default 0.14,Filter resonance peak or physical body resonance amount.,1,Jaw Harp
Frame/teeth coupling slider 0-1 default 0.4,"Numeric control range 0 to 1, default 0.4.",1,Jaw Harp
Glottis opening slider -2 to 3 default 0.42,"Numeric control range -2 to 3, default 0.42.",1,Jaw Harp
Pluck direction Outward/Inward buttons,Action trigger button.,1,Jaw Harp
Gesture loop rhythm select,Discrete option selection menu.,1,Jaw Harp
"Hand clock XY pad drag, X=tempo Y=swing",Playback tempo in beats per minute (BPM).,1,Jaw Harp
Rhythm tempo slider 36-480 BPM default 148,Playback tempo in beats per minute (BPM).,1,Jaw Harp
Alternating swing slider -0.42 to 0.42 default 0.08,Rhythmic swing timing applied to alternating clock steps.,1,Jaw Harp
Breath-per-loop ratio select,Discrete option selection menu.,1,Jaw Harp
Lock breath to plucking toggle,Two-state binary toggle switch.,1,Jaw Harp
"drag nodes for tongue 2D, jaw vertical, lip horizontal, focus/cavity 2D, glottis horizontal, plus reed pull-and-release pluck gesture",Interactive instrument control.,1,Jaw Harp
Draw button hold with [/S keys,Action trigger button.,1,Harmonicazoid
Blow button hold with ]/W keys,Action trigger button.,1,Harmonicazoid
"Auto breath-cycle toggle/Space, data-primary-transport",Two-state binary toggle switch.,1,Harmonicazoid
Speed breath-rhythm slider 1-1200 cycles/min default 24,"Rate of playhead scanning, geometric traversal, or animation.",1,Harmonicazoid
Reed body preset select,"Selects the active synthesis engine, voice mode, or preset.",1,Harmonicazoid
Instrument key select,Discrete option selection menu.,1,Harmonicazoid
Mouth aperture width buttons 1-5 single note/double-stop/chord/chord/broad chord default 2,Numeric control range 1 to 5.,1,Harmonicazoid
Randomize the physical model button,Generates or steps to a new pseudo-random generation seed.,1,Harmonicazoid
"Breath rhythm pattern select, N key cycles",Discrete option selection menu.,1,Harmonicazoid
"dynamic gesture-shortcut technique buttons, B key cycles",Action trigger button.,1,Harmonicazoid
Technique amount slider 0-2 default 1.22,"Numeric control range 0 to 2, default 1.22.",1,Harmonicazoid
Gesture rate slider 0.1-30Hz default 22,Numeric control range 0.1 to 30.,1,Harmonicazoid
Breath attack slider 0-500ms default 12,Numeric control range 0 to 500.,1,Harmonicazoid
Breath release slider 0-1000ms default 176,Numeric control range 0 to 1000.,1,Harmonicazoid
Hand cup/wah slider 0-1 default 0.9,"Numeric control range 0 to 1, default 0.9.",1,Harmonicazoid
Cup motion slider 0-1 default 0.32,"Numeric control range 0 to 1, default 0.32.",1,Harmonicazoid
Growl drive slider 0-2 default 1.28,"Numeric control range 0 to 2, default 1.28.",1,Harmonicazoid
Tongue block slider 0-1 default 0.24,"Numeric control range 0 to 1, default 0.24.",1,Harmonicazoid
Tongue motion slider 0-1 default 0.26,"Numeric control range 0 to 1, default 0.26.",1,Harmonicazoid
Overblow/overdraw slider 0-1.5 default 0,"Numeric control range 0 to 1.5, default 0.",1,Harmonicazoid
Rhythm swing slider -0.45 to 0.45 default 0.3,Rhythmic swing timing applied to alternating clock steps.,1,Harmonicazoid
"Anchor hole slider 1-10 default 2, plus number keys and A/D or arrow keys","Numeric control range 1 to 10, default 2,.",1,Harmonicazoid
"Embouchure width slider 1-5 default 2, plus -/= keys","Numeric control range 1 to 5, default 2,.",1,Harmonicazoid
Lip cup/projection slider -2 to 3 default 0.92,"Numeric control range -2 to 3, default 0.92.",1,Harmonicazoid
Breath pressure slider 0-3 default 1.26,"Numeric control range 0 to 3, default 1.26.",1,Harmonicazoid
Draw/blow duration slider 0.02-0.98 default 0.76,"Numeric control range 0.02 to 0.98, default 0.76.",1,Harmonicazoid
Breath shift pristine-sloppy slider 0-1 default 0.84,"Numeric control range 0 to 1, default 0.84.",1,Harmonicazoid
"Paired-reed bend slider 0-1.5 default 0.52, plus up/down arrow semitone stops","Numeric control range 0 to 1.5, default 0.52,.",1,Harmonicazoid
Reed gap slider 0.02-2.5 default 0.72,"Numeric control range 0.02 to 2.5, default 0.72.",1,Harmonicazoid
Reed stiffness slider 0.2-2 default 1,"Numeric control range 0.2 to 2, default 1.",1,Harmonicazoid
Comb/lip leakage slider 0-0.95 default 0.04,"Numeric control range 0 to 0.95, default 0.04.",1,Harmonicazoid
Flow nonlinearity slider 0-2 default 0.9,"Numeric control range 0 to 2, default 0.9.",1,Harmonicazoid
Tongue front/back slider -2 to 3 default 0.18,"Numeric control range -2 to 3, default 0.18.",1,Harmonicazoid
Tongue height slider -2 to 3 default 0.38,"Numeric control range -2 to 3, default 0.38.",1,Harmonicazoid
Throat opening slider -2 to 3 default 0.18,"Numeric control range -2 to 3, default 0.18.",1,Harmonicazoid
Vocal feedback slider 0-2 default 1.5,Feedback gain recirculating audio or delay loops.,1,Harmonicazoid
Pitch vibrato rate slider 0-18Hz default 3.8,Numeric control range 0 to 18.,1,Harmonicazoid
Pitch vibrato depth slider 0-2 default 0.2,Fractal iteration depth or recursive expansion steps.,1,Harmonicazoid
Hand tremolo rate slider 0.1-30Hz default 4.4,Numeric control range 0.1 to 30.,1,Harmonicazoid
Hand tremolo depth slider 0-1 default 0.13,Fractal iteration depth or recursive expansion steps.,1,Harmonicazoid
Comb stereo width slider 0-1 default 0.18,"Numeric control range 0 to 1, default 0.18.",1,Harmonicazoid
"five-view canvas letting the user hold upper/lower chamber halves to blow/draw, drag across chambers to glissando, and drag HOLE/MOUTH, BEND, rhythm, TONGUE, CUP, LIPS, TRACT nodes mirroring the sliders above",Interactive canvas stage allowing direct pointer dragging of nodes/geometry.,1,Harmonicazoid
"Play automatic saw phrase button/Space, data-primary-transport",Action trigger button.,1,Julie Saw
Tempo slider 30-300 BPM default 76,Playback tempo in beats per minute (BPM).,1,Julie Saw
Bow button hold,Action trigger button.,1,Julie Saw
"Soft mallet, Hard mallet, Pluck edge, Tap thimble, Teeth scrape gesture buttons",Action trigger button.,1,Julie Saw
Choke damp button,Action trigger button.,1,Julie Saw
Rhythm/motion select with a live rhythm-score readout,Discrete option selection menu.,1,Julie Saw
Randomize button,Generates or steps to a new pseudo-random generation seed.,1,Julie Saw
Track sweet spot toggle,Two-state binary toggle switch.,1,Julie Saw
Blade preset select,"Selects the active synthesis engine, voice mode, or preset.",1,Julie Saw
Arch/pitch slider 0.02-0.98 default 0.43,"Numeric control range 0.02 to 0.98, default 0.43.",1,Julie Saw
Tip curl slider 0-1 default 0.64,"Numeric control range 0 to 1, default 0.64.",1,Julie Saw
S localization slider 0-1 default 0.86,"Numeric control range 0 to 1, default 0.86.",1,Julie Saw
Knee+steel damping slider 0-1 default 0.2,"Numeric control range 0 to 1, default 0.2.",1,Julie Saw
Plate brightness slider 0-1 default 0.48,"Numeric control range 0 to 1, default 0.48.",1,Julie Saw
Bow pressure slider 0-1.4 default 0.48,"Numeric control range 0 to 1.4, default 0.48.",1,Julie Saw
Bow speed slider 0.01-1.5 default 0.43,"Rate of playhead scanning, geometric traversal, or animation.",1,Julie Saw
Blade contact slider 0-1 default 0.52,"Numeric control range 0 to 1, default 0.52.",1,Julie Saw
Rosin grip slider 0-1 default 0.62,"Numeric control range 0 to 1, default 0.62.",1,Julie Saw
Bow bite slider 0-1 default 0.58,"Numeric control range 0 to 1, default 0.58.",1,Julie Saw
Edge rasp slider 0-1 default 0.24,"Numeric control range 0 to 1, default 0.24.",1,Julie Saw
Vibrato depth slider 0-120 cents default 24,Fractal iteration depth or recursive expansion steps.,1,Julie Saw
Vibrato rate slider 0.1-14Hz default 5.2,Numeric control range 0.1 to 14.,1,Julie Saw
Vibrato delay slider 0-2.5s default 0.28,Numeric control range 0 to 2.5.,1,Julie Saw
Flex glide slider 0.005-1.5s default 0.16,Numeric control range 0.005 to 1.5.,1,Julie Saw
ADSR Attack/Decay/Sustain/Release sliders,Envelope decay time or acoustic energy dissipation rate.,1,Julie Saw
Steel+room body slider 0-1 default 0.38,"Numeric control range 0 to 1, default 0.38.",1,Julie Saw
Plate stereo width slider 0-1 default 0.34,"Numeric control range 0 to 1, default 0.34.",1,Julie Saw
"drag of the pink flex hand sideways for arch/pitch and up/down for tip curl, and the amber bow left/right to bow with vertical position for contact and pointer pressure for bow force",Interactive canvas stage allowing direct pointer dragging of nodes/geometry.,1,Julie Saw
chromatic computer-key piano across A W S E D F T G Y H U J K O L P and semicolon,Interactive instrument control.,1,Julie Saw
arrow keys flex the blade while canvas is focused,Interactive canvas stage allowing direct pointer dragging of nodes/geometry.,1,Julie Saw
"Play/pause sequence button/Space, data-primary-transport","Starts, pauses, or toggles the main playback transport.",1,Hiccup Head
Restart to beginning button,Resets playback phase or algorithm loop to the start state.,1,Hiccup Head
Sequence length numeric stepper 1-64 plus a matching length knob slider and preset buttons 4/8/16/24/32/48/64,Numeric control range 1 to 64.,1,Hiccup Head
Pattern select plus next-pattern button,Action trigger button.,1,Hiccup Head
Scatter randomize-pattern button,Generates or steps to a new pseudo-random generation seed.,1,Hiccup Head
Clear pattern button,Action trigger button.,1,Hiccup Head
Tempo slider 48-520 BPM default 118,Playback tempo in beats per minute (BPM).,1,Hiccup Head
Swing slider 0-0.46 default 0.1,Rhythmic swing timing applied to alternating clock steps.,1,Hiccup Head
"per-step sequencer grid, one lane, each column has a click/drag-paintable volume rectangle, a per-step sound title dropdown, and a drag-paintable sound-selector bar spanning all 52 sounds",Stereo width and spatial distribution across audio channels.,1,Hiccup Head
Visual skin select six options checkerboard/cutout-collage/1904 photo/food portrait/ASCII/Zombie Zoid,Discrete option selection menu.,1,Hiccup Head
webcam cut-up photobooth dialog with camera start/freeze/retake controls and six draggable/resizable face guides,Interactive instrument control.,1,Hiccup Head
Mutable face preset select plus next-preset button,"Selects the active synthesis engine, voice mode, or preset.",1,Hiccup Head
Mutate the whole face randomize button,Generates or steps to a new pseudo-random generation seed.,1,Hiccup Head
52-pad sound-trigger grid covering every gesture,Interactive instrument control.,1,Hiccup Head
Sound bank select plus next-bank button,Action trigger button.,1,Hiccup Head
Voices count slider 1-8 default 4,"Numeric control range 1 to 8, default 4.",1,Hiccup Head
Mutate sound bank button,Action trigger button.,1,Hiccup Head
per-voice mutable/soloable voice rack,Interactive instrument control.,1,Hiccup Head
Stored air pressure slider 0-1.6 default 0.82,"Numeric control range 0 to 1.6, default 0.82.",1,Hiccup Head
Lip tension slider -0.35 to 1.65 default 0.46,"Numeric control range -0.35 to 1.65, default 0.46.",1,Hiccup Head
Lip projection slider -0.45 to 1.8 default 0.38,"Numeric control range -0.45 to 1.8, default 0.38.",1,Hiccup Head
Mouth aperture slider 0.01-1.85 default 0.48,"Numeric control range 0.01 to 1.85, default 0.48.",1,Hiccup Head
Vocal/DOO pitch slider -24 to 24 semitones default 0,Numeric control range -24 to 24.,1,Hiccup Head
Cheek volume slider -0.4 to 2 default 0.64,"Numeric control range -0.4 to 2, default 0.64.",1,Hiccup Head
Face membrane tension slider -0.35 to 1.7 default 0.42,"Numeric control range -0.35 to 1.7, default 0.42.",1,Hiccup Head
Tongue front/back slider -0.65 to 1.65 default 0.58,"Numeric control range -0.65 to 1.65, default 0.58.",1,Hiccup Head
Tongue curl/groove slider -0.7 to 1.8 default 0.4,"Numeric control range -0.7 to 1.8, default 0.4.",1,Hiccup Head
Tongue extension slider 0-1.6 default 0.08,"Numeric control range 0 to 1.6, default 0.08.",1,Hiccup Head
Tract length slider 0.035-0.52m default 0.165,Numeric control range 0.035 to 0.52.,1,Hiccup Head
"Nose height/nasal tone slider 0-1 default 0.14, also draggable nose on canvas",Interactive canvas stage allowing direct pointer dragging of nodes/geometry.,1,Hiccup Head
"Ear spread/stereo width slider 0-1 default 0.18, also draggable ears","Numeric control range 0 to 1, default 0.18,.",1,Hiccup Head
"Left/Right hair length slider 0-1 defaults 0.12/0.16, draggable hair tips set length+angle together","Numeric control range 0 to 1, default s.",1,Hiccup Head
Left/Right hair angle slider -1 to 1 defaults -0.82/-0.62,"Numeric control range -1 to 1, default s.",1,Hiccup Head
"Eye divergence/reverb slider -1 to 1 default 0.08, also draggable eyes choosing plate vs cathedral reverb","Numeric control range -1 to 1, default 0.08,.",1,Hiccup Head
"Eyebrow emphasis slider 0-0.9 default 0.7, plus draggable 5-position eyebrow rhythm accents","Numeric control range 0 to 0.9, default 0.7,.",1,Hiccup Head
Anatomy warp/silliness slider 0-1 default 0.56,"Numeric control range 0 to 1, default 0.56.",1,Hiccup Head
Body decay slider 0.35-1.8 default 0.92,Envelope decay time or acoustic energy dissipation rate.,1,Hiccup Head
Sequence looseness/humanize slider 0-0.45 default 0.06,"Numeric control range 0 to 0.45, default 0.06.",1,Hiccup Head
Reset face and pattern button,Action trigger button.,1,Hiccup Head
Reset all face effects button,Restores all instrument parameters and scenes to default values.,1,Hiccup Head
"push/drag on the stomach to compress its wall, drag through intestinal coils to knead a slug, press/release colored valve rings to pinch and release",Interactive instrument control.,1,Digestazoid
Inflate/Deflate hold buttons for the gas pocket,Action trigger button.,1,Digestazoid
Digest continuous-motion toggle button,Two-state binary toggle switch.,1,Digestazoid
"8 gesture pad buttons Growl/Burble/Bubble/Slosh/Burp/Burple/Fart/Long one, each with a number-key 1-8 shortcut and matching letter mnemonics g/u/b/p/f/s",Numeric control range 1 to 8.,1,Digestazoid
Digestive body preset select plus next-preset button,"Selects the active synthesis engine, voice mode, or preset.",1,Digestazoid
Contaminate the meal randomize button,Generates or steps to a new pseudo-random generation seed.,1,Digestazoid
Gas pocket slider 0-1.8 default 0.42,"Numeric control range 0 to 1.8, default 0.42.",1,Digestazoid
Liquid load slider 0-1.5 default 0.58,"Numeric control range 0 to 1.5, default 0.58.",1,Digestazoid
Sludge load slider 0-1.5 default 0.44,"Numeric control range 0 to 1.5, default 0.44.",1,Digestazoid
Viscosity slider 0-1 default 0.52,"Numeric control range 0 to 1, default 0.52.",1,Digestazoid
Bubble size slider 2-22mm default 8,Numeric control range 2 to 22.,1,Digestazoid
Peristalsis rate slider 1-72/min default 9.5,Numeric control range 1 to 72.,1,Digestazoid
Contraction depth slider 0-1 default 0.56,Fractal iteration depth or recursive expansion steps.,1,Digestazoid
Stomach compliance slider 0.08-1.5x default 0.88,Numeric control range 0.08 to 1.5.,1,Digestazoid
Intestinal tension slider 0-1 default 0.58,"Numeric control range 0 to 1, default 0.58.",1,Digestazoid
Body pulse slider 0-1 default 0.52,"Numeric control range 0 to 1, default 0.52.",1,Digestazoid
Upper valve opening slider 0-1 default 0.48,"Numeric control range 0 to 1, default 0.48.",1,Digestazoid
Pyloric gate slider 0-1 default 0.64,"Numeric control range 0 to 1, default 0.64.",1,Digestazoid
Lower valve opening slider 0-1 default 0.55,"Numeric control range 0 to 1, default 0.55.",1,Digestazoid
Outlet stretch slider 0-1 default 0.36,"Numeric control range 0 to 1, default 0.36.",1,Digestazoid
Seethe/turbulence slider 0-1 default 0.54,"Numeric control range 0 to 1, default 0.54.",1,Digestazoid
Listening position select outside body/stethoscope/inside tube,Discrete option selection menu.,1,Digestazoid
Wet coupling slider 0-1 default 0.54,"Numeric control range 0 to 1, default 0.54.",1,Digestazoid
Abdominal resonance slider 0-1 default 0.56,Filter resonance peak or physical body resonance amount.,1,Digestazoid
Purge and reset button,Action trigger button.,1,Digestazoid
"Physical instrument select choosing among 19 models, with region/topology/evidence-tier badges and a linked model-source citation",Discrete option selection menu.,1,Mouthophones
Inhale/Exhale hold buttons,Action trigger button.,1,Mouthophones
"Pluck/gesture button, hidden unless the selected source needs a hand gesture, press or Space",Action trigger button.,1,Mouthophones
"Rhythmic hand auto-gesture toggle, hidden unless applicable",Two-state binary toggle switch.,1,Mouthophones
Automatic breath toggle,Two-state binary toggle switch.,1,Mouthophones
"Gesture loop rhythm select, hidden section shown only for hand-driven sources",Discrete option selection menu.,1,Mouthophones
Hand tempo slider 30-220 BPM default 92,Playback tempo in beats per minute (BPM).,1,Mouthophones
Breath-against-loop ratio select four options,Discrete option selection menu.,1,Mouthophones
Lock breath to hand toggle,Two-state binary toggle switch.,1,Mouthophones
Unbreathed resonance slider 0-0.35 default 0.08,Filter resonance peak or physical body resonance amount.,1,Mouthophones
Pressure slider 0-1 default 0.76,"Numeric control range 0 to 1, default 0.76.",1,Mouthophones
Breath rhythm slider 8-96 cycles/min default 22,Numeric control range 8 to 96.,1,Mouthophones
In/out duration slider 0.25-0.75 default 0.46,"Numeric control range 0.25 to 0.75, default 0.46.",1,Mouthophones
Glottis opening slider 0-1 default 0.48,"Numeric control range 0 to 1, default 0.48.",1,Mouthophones
Rest frequency slider 42-640Hz default 82,Numeric control range 42 to 640.,1,Mouthophones
Acoustic length slider 0.08-2.4m default 1.28,Numeric control range 0.08 to 2.4.,1,Mouthophones
Mechanical loss slider 0.05-0.92 default 0.34,"Numeric control range 0.05 to 0.92, default 0.34.",1,Mouthophones
Valve/edge stiffness slider 0-1 default 0.58,"Numeric control range 0 to 1, default 0.58.",1,Mouthophones
"Hand force slider 0.05-1 default 0.72, used only by plucked/rubbed/bowed sources","Numeric control range 0.05 to 1, default 0.72,.",1,Mouthophones
Tongue front/back slider 0-1 default 0.5,"Numeric control range 0 to 1, default 0.5.",1,Mouthophones
Tongue height slider 0-1 default 0.35,"Numeric control range 0 to 1, default 0.35.",1,Mouthophones
Jaw opening slider 0-1 default 0.62,"Numeric control range 0 to 1, default 0.62.",1,Mouthophones
Lip rounding slider 0-1 default 0.18,"Numeric control range 0 to 1, default 0.18.",1,Mouthophones
Mouth/body coupling slider 0-1 default 0.91,"Numeric control range 0 to 1, default 0.91.",1,Mouthophones
drag of tongue and jaw handles to reshape the mouth resonator,Selects or morphs oscillator waveform shape.,1,Mouthophones
"keyboard Space/Enter for the gesture, [ and ] to hold inhale/exhale, R to toggle auto-gesture, Escape to stop",Two-state binary toggle switch.,1,Mouthophones
"Play croak button/Space, data-primary-transport",Action trigger button.,1,Morphynx
Loop toggle,Two-state binary toggle switch.,1,Morphynx
Record button plus Download take link,Action trigger button.,1,Morphynx
Animal anchor select,Discrete option selection menu.,1,Morphynx
Call gesture select,Discrete option selection menu.,1,Morphynx
Voice/anatomy select,Discrete option selection menu.,1,Morphynx
Syrinx-Larynx morph slider 0-1 default 0.56,"Numeric control range 0 to 1, default 0.56.",1,Morphynx
Audio source buttons Internal/Mic/Hybrid,Action trigger button.,1,Morphynx
Breath pressure slider 0-1 default 0.68,"Numeric control range 0 to 1, default 0.68.",1,Morphynx
Membrane tension slider 0-1 default 0.42,"Numeric control range 0 to 1, default 0.42.",1,Morphynx
Fold closure slider 0-1 default 0.68,"Numeric control range 0 to 1, default 0.68.",1,Morphynx
Tract length slider 0.018-0.82m default 0.17,Numeric control range 0.018 to 0.82.,1,Morphynx
Mouth/beak opening slider 0-1 default 0.52,"Numeric control range 0 to 1, default 0.52.",1,Morphynx
Nose/cavity coupling slider 0-1 default 0.34,"Numeric control range 0 to 1, default 0.34.",1,Morphynx
Left/right split asymmetry slider 0-1 default 0.3,"Numeric control range 0 to 1, default 0.3.",1,Morphynx
Source balance slider 0-1 default 0.5 center,"Numeric control range 0 to 1, default 0.5.",1,Morphynx
Roughness slider 0-1 default 0.42,"Numeric control range 0 to 1, default 0.42.",1,Morphynx
Type latch toggle button,Two-state binary toggle switch.,1,Morphynx
"on-screen letter articulation keyboard grid, A-Z hold to voice, Shift+letter for larger mutation, apostrophe or question mark for glottal stop",Interactive instrument control.,1,Morphynx
Larynx voices count slider 1-7 default 1,"Numeric control range 1 to 7, default 1.",1,Morphynx
Tongue contours count slider 1-5 default 1,"Numeric control range 1 to 5, default 1.",1,Morphynx
Nasal cavities count slider 1-3 default 1,"Numeric control range 1 to 3, default 1.",1,Morphynx
Mutation slider 0-1 default 0,"Numeric control range 0 to 1, default 0.",1,Morphynx
Voice coupling slider 0-1 default 0,"Numeric control range 0 to 1, default 0.",1,Morphynx
Growl slider 0-1 default 0,"Numeric control range 0 to 1, default 0.",1,Morphynx
Anatomy motion toggle button,Two-state binary toggle switch.,1,Morphynx
Motion depth slider 0-1 default 0.28,Fractal iteration depth or recursive expansion steps.,1,Morphynx
Gesture rate slider 0.25-2.5x default 1,Numeric control range 0.25 to 2.5.,1,Morphynx
Silence between calls slider 0-8000ms default 650,Numeric control range 0 to 8000.,1,Morphynx
"drag of morph, source, tract, and mouth nodes",Interactive instrument control.,1,Morphynx
number keys 0-9 load Throatazoid anatomy banks,Numeric control range 0 to 9.,1,Morphynx
Organism preset buttons Elephant x Bird/Murmuration/Hydra throat/Soft machine,Action trigger button.,1,Hyper-Syrinx
Animate transport toggle button,Two-state binary toggle switch.,1,Hyper-Syrinx
"drag-and-drop organ-module field where each module card has a species select, a per-module parameter slider 0-1, duplicate and remove buttons, and a drag handle for reordering/connecting via visible ports",Numeric control range 0 to 1.,1,Hyper-Syrinx
"Hold to breathe button/Space, press-and-hold pressure gate",Action trigger button.,1,Hyper-Syrinx
Routing topology buttons Braid/Chain/All to all,Action trigger button.,1,Hyper-Syrinx
Metabolism slider 0-1 default 0.34,"Numeric control range 0 to 1, default 0.34.",1,Hyper-Syrinx
Cross-coupling slider 0-1 default 0.58,"Numeric control range 0 to 1, default 0.58.",1,Hyper-Syrinx
Air noise/breath texture slider 0-1 default 0.06,"Numeric control range 0 to 1, default 0.06.",1,Hyper-Syrinx
Shared saliva/wetness slider 0-1 default 0.27,"Numeric control range 0 to 1, default 0.27.",1,Hyper-Syrinx
Return to elephant x bird reset button,Action trigger button.,1,Hyper-Syrinx
Audio button and Start synth voice/awaken button,Action trigger button.,1,Alien Larynx
"Sever/panic button to stop audio, disabled until awake",Stereo width and spatial distribution across audio channels.,1,Alien Larynx
"interactive canvas dragging the purple tongue membrane for vowels, front airway for consonants, blue nose gates for nasal color, and mouth diamond pods for aperture/branch length, plus Left/Right to select a mouth, Up/Down for aperture, brackets for branch length, and Enter to seal/open the selected mouth",Interactive canvas stage allowing direct pointer dragging of nodes/geometry.,1,Alien Larynx
"5 vowel gesture buttons A E I O U and 9 consonant gesture buttons glottal stop/K/T/P/S/SH/F/M/N/NG, each press-and-hold or tap, mapped to matching QWERTY keys",Action trigger button.,1,Alien Larynx
"full A-Z on-screen keyboard reference where every letter voices an approximate vowel/stop/fricative/nasal/affricate/approximant, Shift+letter for a mutated variant, and apostrophe or question mark for a glottal stop",Interactive instrument control.,1,Alien Larynx
Keyboard gate switch toggling momentary vs latched typing mode,Two-state binary toggle switch.,1,Alien Larynx
number keys 0-9 load 10 of 14 named alien anatomy specimen presets,Numeric control range 0 to 9.,1,Alien Larynx
"direct-articulation mini panel with Place, Aperture, Lip, and Voicing sliders 0-1 plus a read-only pressure meter",Stereo width and spatial distribution across audio channels.,1,Alien Larynx
Quick Synth/Quick Mic source-select buttons,Action trigger button.,1,Alien Larynx
22 voice preset buttons,Action trigger button.,1,Alien Larynx
14 alien-anatomy specimen buttons,Action trigger button.,1,Alien Larynx
Return to anchored voice button disabling all 5 alien systems,Action trigger button.,1,Alien Larynx
"Coupled double larynx toggle plus False fold mix 0-1 default 0.24, Fold asymmetry -1 to 1 default 0.08, and Larynx feedback 0-0.7 default 0.16 sliders",Feedback gain recirculating audio or delay loops.,1,Alien Larynx
"True-scale tract toggle plus Tract length 7-70cm default 17.5, Tract medium select Air/Helium/Heavy gas/Alien vapor/Custom, and Sound speed 100-1100 m/s default 343 sliders","Rate of playhead scanning, geometric traversal, or animation.",1,Alien Larynx
"Mouth genomes toggle plus 7 mouth-picker buttons, Gene-from/Gene-to selects, Genome morph 0-1, and Genome drift rate 0-4Hz sliders, plus a Seed vowel colony one-click button",Generates or steps to a new pseudo-random generation seed.,1,Alien Larynx
"Robot glands toggle plus a Gland I-IV select, Waveform select voice pulse/square/impulse/noise, Pitch ratio 0.25-4x, Clock division select divide by 1/2/3/4/6/8, Phase 0-360 degrees, Duty 0.05-0.95, and Jitter 0-1 sliders, each independent per gland",Selects or morphs oscillator waveform shape.,1,Alien Larynx
"Wormhole manifold toggle plus Topology select Ring/Star/Mobius/Seeded random, Delay 0.5-40ms, Feedback 0-0.78, and Seed 1-999 sliders",Generates or steps to a new pseudo-random generation seed.,1,Alien Larynx
3 excitation source buttons Mic/Glottis default/Hybrid,Action trigger button.,1,Alien Larynx
Pressure source count slider 1-4 plus 4 source toggle buttons I-IV,Numeric control range 1 to 4.,1,Alien Larynx
Start selected source and Sever buttons,Action trigger button.,1,Alien Larynx
Input trim 0-1.35 default 0.88 and Input stability 0-1 default 0.72 sliders,"Numeric control range 0 to 1.35, default 0.88.",1,Alien Larynx
"internal glottis sliders Exciter pitch 40-420Hz default 140, Intensity 0-1, Tenseness 0-1 default 0.6, Breath 0-1 default 0.12, Vibrato 0-1 default 0.12, Wobble 0-1 default 0.03",Numeric control range 40 to 420.,1,Alien Larynx
Throat/mouth-branch count slider 1-7 plus 7 mouth-gate toggle buttons,Numeric control range 1 to 7.,1,Alien Larynx
"Body length, Tension, and Mutation sliders 0-1",Numeric control range 0 to 1.,1,Alien Larynx
Anatomy motion toggle plus Motion depth 0-1 and 4 motion-target toggle buttons Mouths/Tongues/Noses/Pressure,Fractal iteration depth or recursive expansion steps.,1,Alien Larynx
"Close airway button, Selected aperture 0.05-1, and Selected length 0-1 sliders for the active mouth",Numeric control range 0.05 to 1.,1,Alien Larynx
Tongue count slider 1-5 plus 5 tongue-select buttons and per-tongue Position/Height/Curl sliders 0-1,Numeric control range 1 to 5.,1,Alien Larynx
Nose count slider 1-3 plus 3 nose-select buttons and per-nose Openness/Length/Resonance sliders 0-1,Filter resonance peak or physical body resonance amount.,1,Alien Larynx
Oral closure slider 0-1,Numeric control range 0 to 1.,1,Alien Larynx
"Wet 0-1 default 1, Dry 0-0.5, Growl 0-1, Coupling 0-0.72, and Spread 0-1 mix sliders","Numeric control range 0 to 1, default 1,.",1,Alien Larynx
"Record button, Download take link, and Clear take button",Action trigger button.,1,Alien Larynx
Escape key as an emergency sever,Interactive instrument control.,1,Alien Larynx
"Audio button, label reads type to start",Action trigger button.,1,Spelling Synthesizer
"typing textarea, 6 rows, max 1600 characters, where holding a vowel key sustains that vowel's voice and other characters trigger discrete articulations",Interactive instrument control.,1,Spelling Synthesizer
Read it back to me toggle button/data-primary-transport for full readback playback,Two-state binary toggle switch.,1,Spelling Synthesizer
"Start over button, hidden until a readback is running",Action trigger button.,1,Spelling Synthesizer
Clear text button,Action trigger button.,1,Spelling Synthesizer
"Synth engine buttons Bellazoid/KAL samples default/Voxazoid, exclusive selection with a live engine-index readout and description",Action trigger button.,1,Spelling Synthesizer
"Personality buttons Clear default/Velvet/Whisper/Reed/Creature, exclusive selection, each a fixed named bundle of pitch, breath, tension, and spectral offsets",Action trigger button.,1,Spelling Synthesizer
Rhythm-to-dynamics slider 0-1 default 0.72,"Numeric control range 0 to 1, default 0.72.",1,Spelling Synthesizer
Letter-pair timing slider 0-320ms default 180,Numeric control range 0 to 320.,1,Spelling Synthesizer
Join letter pairs on/off switch button default on,Two-state binary toggle switch.,1,Spelling Synthesizer
Reset Spelling Synthesizer button,Action trigger button.,1,Spelling Synthesizer
"Word/lyric text input, max 32 chars, with a live phoneme readout and Set lyric button",Action trigger button.,1,Vocalzoid
Sing word play button/data-primary-transport,Action trigger button.,1,Vocalzoid
Loop toggle switch,Two-state binary toggle switch.,1,Vocalzoid
"editable piano-roll grid spanning 24 semitones with draggable/resizable notes, double-click to cut a note or add one in empty space, plus an editing toolbar with Add note, Randomize, Cut/split, and Delete buttons",Stereo width and spatial distribution across audio channels.,1,Vocalzoid
per-selected-note phoneme/diphone dropdown menus,Discrete option selection menu.,1,Vocalzoid
Pitch slider 48-72 MIDI note default 55,Numeric control range 48 to 72.,1,Vocalzoid
Length slider 0.25-16 beats default 2,Numeric control range 0.25 to 16.,1,Vocalzoid
optional local-bank alias text input with a datalist of bank aliases,Interactive instrument control.,1,Vocalzoid
KAL rendering-style buttons Raw/Glass/Velvet,Action trigger button.,1,Vocalzoid
Melody preset buttons Lift/Answer/Orbit,Action trigger button.,1,Vocalzoid
Tempo slider 40-220 BPM default 108,Playback tempo in beats per minute (BPM).,1,Vocalzoid
Vibrato slider 0-80 cents default 22,Numeric control range 0 to 80.,1,Vocalzoid
Pitch glide slider 0-240ms default 65,Numeric control range 0 to 240.,1,Vocalzoid
8 bundled open-demo-voice buttons,Action trigger button.,1,Vocalzoid
Return to KAL16 source button,Action trigger button.,1,Vocalzoid
"voicebank folder file picker, drag-and-drop directory of WAV+oto.ini up to 512MB",Interactive instrument control.,1,Vocalzoid
Use/Remove buttons for a loaded local bank,Action trigger button.,1,Vocalzoid
Fallback source pitch slider 36-84 MIDI note default 60 for the local bank,Numeric control range 36 to 84.,1,Vocalzoid
Reset Vocalzoid button,Action trigger button.,1,Vocalzoid
Master level slider 0-0.82 default 0.58,"Numeric control range 0 to 0.82, default 0.58.",1,Shepard–Risset
Mode switch buttons Octave Bank/Morphisma Sweep,Two-state binary toggle switch.,1,Shepard–Risset
Octave Bank preset buttons Classic rise/Classic fall/Tight spiral/Deep descent,Action trigger button.,1,Shepard–Risset
"Direction switch buttons Rise/Fall, up/down arrow keys on the canvas also set direction",Interactive canvas stage allowing direct pointer dragging of nodes/geometry.,1,Shepard–Risset
"Glissando speed slider 0.02-1.2 oct/s default 0.12, Octave Bank mode only","Rate of playhead scanning, geometric traversal, or animation.",1,Shepard–Risset
"Center frequency slider 40-1200Hz default 220, Octave Bank mode only",Numeric control range 40 to 1200.,1,Shepard–Risset
"Octave bank width slider 3-9 octaves default 5, Octave Bank mode only",Numeric control range 3 to 9.,1,Shepard–Risset
"Stereo spread slider 0-1 default 0.26, Octave Bank mode only",Stereo width and spatial distribution across audio channels.,1,Shepard–Risset
"Voices slider 1-64 default 8, Morphisma mode only","Numeric control range 1 to 64, default 8,.",1,Shepard–Risset
"Sweep speed slider 0.01-10 cycles/s default 0.05, Morphisma mode only","Rate of playhead scanning, geometric traversal, or animation.",1,Shepard–Risset
"Start frequency slider 10-3000Hz default 100, Morphisma mode only",Numeric control range 10 to 3000.,1,Shepard–Risset
Sweep range,Interactive instrument control.,1,Shepard–Risset
Audio button toggles the whole engine on/off,Two-state binary toggle switch.,1,Slippery Resynthesis
Output range slider min 0 max 0.82 step 0.01 default 0.65 sets master output gain,Continuous slider control.,1,Slippery Resynthesis
Source choice-switch Mic/File buttons pick input,Two-state binary toggle switch.,1,Slippery Resynthesis
File picker,Interactive instrument control.,1,Slippery Resynthesis
Presets is a generated grid of 14 buttons,Action trigger button.,1,Slippery Resynthesis
Direction choice-switch Fall/Rise buttons set slip polarity,Two-state binary toggle switch.,1,Slippery Resynthesis
Slip rate range 0-4 step 0.01 default 0.12 oct/s,"Numeric control range 0 to 4, step 0.01, default 0.12.",1,Slippery Resynthesis
Octave layers,Interactive instrument control.,1,Slippery Resynthesis
Band coherence range 0-1 step 0.01 default 1,"Numeric control range 0 to 1, step 0.01, default 1.",1,Slippery Resynthesis
Spectral memory Track/Hold choice-switch,Two-state binary toggle switch.,1,Slippery Resynthesis
Resynthesis bands,Interactive instrument control.,1,Slippery Resynthesis
Spectral response range 2-1000 step 1,"Numeric control range 2 to 1000, step 1.",1,Slippery Resynthesis
Consonant detail range 0-1 step 0.01 default 0.72,"Numeric control range 0 to 1, step 0.01, default 0.72.",1,Slippery Resynthesis
Analysis gate range -100 to -18 step 1 dB default -66,"Numeric control range -100 to -18, step 1.",1,Slippery Resynthesis
High-frequency limit range 1000-20000 step 100 Hz default 10000,"Numeric control range 1000 to 20000, step 100.",1,Slippery Resynthesis
Transpose range -24 to 24 step 1 semitone default 0,"Numeric control range -24 to 24, step 1.",1,Slippery Resynthesis
Glide contour range -0.9 to 0.9 step 0.01 default 0,"Numeric control range -0.9 to 0.9, step 0.01, default 0.",1,Slippery Resynthesis
Spectral tilt range -9 to 9 step 0.1 dB/oct default 0,"Numeric control range -9 to 9, step 0.1.",1,Slippery Resynthesis
Carrier color range 0-1 step 0.01 default 0.12,Fundamental base frequency or carrier oscillator pitch.,1,Slippery Resynthesis
Octave spread,Interactive instrument control.,1,Slippery Resynthesis
Dry/slip mix range 0-1 step 0.01 default 0.9,"Numeric control range 0 to 1, step 0.01, default 0.9.",1,Slippery Resynthesis
Input level,Interactive instrument control.,1,Slippery Resynthesis
Reset-all-parameters button restores defaults,Action trigger button.,1,Slippery Resynthesis
is focusable,Interactive instrument control.,1,Slippery Resynthesis
Audio button toggles the Web Audio graph on/off,Two-state binary toggle switch.,1,FFmpeg Wasm
Output range slider min 0 max 0.65 step 0.01 default 0.28 sets master output gain,Continuous slider control.,1,FFmpeg Wasm
"""Turn on microphone"" primary action button",Action trigger button.,1,FFmpeg Wasm
"""Preload FFmpeg · 32 MB"" secondary button explicitly downloads and verifies the FFmpeg core ahead of first use",Action trigger button.,1,FFmpeg Wasm
Recipe select dropdown with 5 options,Discrete option selection menu.,1,FFmpeg Wasm
Window select dropdown with 3 options,Discrete option selection menu.,1,FFmpeg Wasm
"""Download last processed window",Interactive instrument control.,1,FFmpeg Wasm
signalCanvas is a read-only informational waveform monitor,Interactive canvas stage allowing direct pointer dragging of nodes/geometry.,1,FFmpeg Wasm
"footer Docs and Licenses links are external, non-parameter",Real-time state display and parameter monitor.,1,FFmpeg Wasm
Pluck Body button,Action trigger button.,1,SIMD Resonator
Enable Microphone button,Action trigger button.,1,SIMD Resonator
Modes slider,Continuous slider control.,1,SIMD Resonator
Base slider,Continuous slider control.,1,SIMD Resonator
Spread slider,Continuous slider control.,1,SIMD Resonator
FFT Frame select,Discrete option selection menu.,1,SIMD Resonator
FFT Window select,Discrete option selection menu.,1,SIMD Resonator
Step slider,Continuous slider control.,1,SIMD Resonator
Bands slider,Continuous slider control.,1,SIMD Resonator
Memory slider,Continuous slider control.,1,SIMD Resonator
Bin detail slider,Continuous slider control.,1,SIMD Resonator
Resynth slider,Continuous slider control.,1,SIMD Resonator
Input slider,Continuous slider control.,1,SIMD Resonator
Gate slider,Continuous slider control.,1,SIMD Resonator
Low band slider,Continuous slider control.,1,SIMD Resonator
High band slider,Continuous slider control.,1,SIMD Resonator
Playable canvas,Interactive canvas stage allowing direct pointer dragging of nodes/geometry.,1,SIMD Resonator
ArrowUp/ArrowDown nudge hardness the same amount,Interactive instrument control.,1,SIMD Resonator
Enter or Space triggers a pluck),Interactive instrument control.,1,SIMD Resonator
Sculpting shape 8-way button group,Selects or morphs oscillator waveform shape.,1,Fabric Filter
Sculpt depth slider,Fractal iteration depth or recursive expansion steps.,1,Fabric Filter
Regions slider,Continuous slider control.,1,Fabric Filter
Sculpt width slider,Continuous slider control.,1,Fabric Filter
Center/phase slider,Continuous slider control.,1,Fabric Filter
Fabric bend slider,Continuous slider control.,1,Fabric Filter
Wave bend slider,Continuous slider control.,1,Fabric Filter
Gesture bite slider,Continuous slider control.,1,Fabric Filter
Gesture coupling slider,Continuous slider control.,1,Fabric Filter
Impact body 3-way button group,Action trigger button.,1,Fabric Filter
Pebbles/max waves slider,Continuous slider control.,1,Fabric Filter
Drag waves slider,Continuous slider control.,1,Fabric Filter
Drop at origin button,Action trigger button.,1,Fabric Filter
Clear waves button,Action trigger button.,1,Fabric Filter
Advanced wave geometry disclosure containing: Texture deformation 8-way button group,Action trigger button.,1,Fabric Filter
Wave rate slider,Continuous slider control.,1,Fabric Filter
Sweep speed slider,"Rate of playhead scanning, geometric traversal, or animation.",1,Fabric Filter
Tail slider,Continuous slider control.,1,Fabric Filter
Wave Q depth slider,Fractal iteration depth or recursive expansion steps.,1,Fabric Filter
Front width slider,Continuous slider control.,1,Fabric Filter
Size variety slider,Continuous slider control.,1,Fabric Filter
Speed variety slider,"Rate of playhead scanning, geometric traversal, or animation.",1,Fabric Filter
Wave interference slider,Continuous slider control.,1,Fabric Filter
Wave order slider,Continuous slider control.,1,Fabric Filter
Wake/Y density slider,Continuous slider control.,1,Fabric Filter
Presets grid of ~66 named preset buttons,Action trigger button.,1,Fabric Filter
Filter method slider,Filter cutoff frequency and spectral resonance control.,1,Fabric Filter
FFT influence slider,Continuous slider control.,1,Fabric Filter
FFT edge slider,Continuous slider control.,1,Fabric Filter
Q influence slider,Continuous slider control.,1,Fabric Filter
Q character slider,Continuous slider control.,1,Fabric Filter
Wave tension slider,Continuous slider control.,1,Fabric Filter
Response speed slider,"Rate of playhead scanning, geometric traversal, or animation.",1,Fabric Filter
Motion brake slider,Continuous slider control.,1,Fabric Filter
Grid density slider,Continuous slider control.,1,Fabric Filter
Fabric sections slider,Continuous slider control.,1,Fabric Filter
Panel variation slider,Stereo width and spatial distribution across audio channels.,1,Fabric Filter
Fabric stretch slider,Continuous slider control.,1,Fabric Filter
Pull/impact force slider,Continuous slider control.,1,Fabric Filter
Gravity well slider,Continuous slider control.,1,Fabric Filter
Weave rotation slider,Continuous slider control.,1,Fabric Filter
Noise physics 6-way button group,Action trigger button.,1,Fabric Filter
Noise color anchor 4-way quick-select buttons,Action trigger button.,1,Fabric Filter
Color blend slider,Continuous slider control.,1,Fabric Filter
Field correlation slider,Continuous slider control.,1,Fabric Filter
Fractal depth slider,Fractal iteration depth or recursive expansion steps.,1,Fabric Filter
Chaos slider,Continuous slider control.,1,Fabric Filter
Dust impulses slider,Continuous slider control.,1,Fabric Filter
Broadband/lattice slider,Continuous slider control.,1,Fabric Filter
Filter pairs slider,Filter cutoff frequency and spectral resonance control.,1,Fabric Filter
Low edge slider,Continuous slider control.,1,Fabric Filter
High edge slider,Continuous slider control.,1,Fabric Filter
Base resonance slider,Filter resonance peak or physical body resonance amount.,1,Fabric Filter
Collision Q depth slider,Fractal iteration depth or recursive expansion steps.,1,Fabric Filter
Spectral tilt slider,Continuous slider control.,1,Fabric Filter
Frequency scatter slider,Continuous slider control.,1,Fabric Filter
Filter cascade slider,Filter cutoff frequency and spectral resonance control.,1,Fabric Filter
Shepard edge fade slider,Continuous slider control.,1,Fabric Filter
Moire detune slider,Continuous slider control.,1,Fabric Filter
Weave phase slider,Continuous slider control.,1,Fabric Filter
Field A direction slider,Continuous slider control.,1,Fabric Filter
Field A spatial density slider,Continuous slider control.,1,Fabric Filter
Field A curvature slider,Continuous slider control.,1,Fabric Filter
Field A filter bend slider,Filter cutoff frequency and spectral resonance control.,1,Fabric Filter
Field B direction slider,Continuous slider control.,1,Fabric Filter
Field B spatial density slider,Continuous slider control.,1,Fabric Filter
Field B curvature slider,Continuous slider control.,1,Fabric Filter
Field B filter bend slider,Filter cutoff frequency and spectral resonance control.,1,Fabric Filter
Shared interaction 3-way button group,Action trigger button.,1,Fabric Filter
Interaction depth slider,Fractal iteration depth or recursive expansion steps.,1,Fabric Filter
Spectral proximity slider,Continuous slider control.,1,Fabric Filter
Interaction polarity slider,Continuous slider control.,1,Fabric Filter
Stereo field slider,Continuous slider control.,1,Fabric Filter
Diffusion slider,Continuous slider control.,1,Fabric Filter
Cross-feedback slider,Feedback gain recirculating audio or delay loops.,1,Fabric Filter
Playable canvas/stage,Interactive canvas stage allowing direct pointer dragging of nodes/geometry.,1,Fabric Filter
"Direction choice-switch ""Tempo direction""",Playback tempo in beats per minute (BPM).,1,Drum Roll Please!
range Tempo glissando speed,"Rate of playhead scanning, geometric traversal, or animation.",1,Drum Roll Please!
range Center tempo,Playback tempo in beats per minute (BPM).,1,Drum Roll Please!
range Tempo bank width,Playback tempo in beats per minute (BPM).,1,Drum Roll Please!
range Stripe angle,Interactive instrument control.,1,Drum Roll Please!
toggle button Pitch follows tempo,Playback tempo in beats per minute (BPM).,1,Drum Roll Please!
range Center body pitch,Interactive instrument control.,1,Drum Roll Please!
range Hit decay,Envelope decay time or acoustic energy dissipation rate.,1,Drum Roll Please!
range Timbre morph depth,Fractal iteration depth or recursive expansion steps.,1,Drum Roll Please!
range Character bias,Interactive instrument control.,1,Drum Roll Please!
Audio on/off toggle button in header,Global audio engine master enable/disable toggle.,1,Drum Roll Please!
keyboard shortcuts ArrowUp/ArrowDown on the stage canvas set direction to accelerate/decelerate,Hardware computer-keyboard transport and trigger shortcuts.,1,Drum Roll Please!
itself is a non-interactive animated display,Real-time state display and parameter monitor.,1,Drum Roll Please!
starts audio if needed),Interactive instrument control.,1,Ouroborousel
"Direction radio fieldset ""Rise""/""Fall""",Interactive instrument control.,1,Ouroborousel
"Material radio fieldset ""Notes""/""Ouroboros drums""/""Notes + drums""",Interactive instrument control.,1,Ouroborousel
note-only controls become disabled when drums-only is selected),Discrete option selection menu.,1,Ouroborousel
range Carousel speed,"Rate of playhead scanning, geometric traversal, or animation.",1,Ouroborousel
range Center rhythm,Interactive instrument control.,1,Ouroborousel
range Endless bank / bank width,Interactive instrument control.,1,Ouroborousel
range Source note lift,Interactive instrument control.,1,Ouroborousel
range Chunk length,Interactive instrument control.,1,Ouroborousel
range Fusion point,Interactive instrument control.,1,Ouroborousel
range Fusion bridge width,Interactive instrument control.,1,Ouroborousel
range Fusion pulse emphasis,Interactive instrument control.,1,Ouroborousel
range Material brightness,Interactive instrument control.,1,Ouroborousel
circular canvas is a direct XY/pointer control,Interactive canvas stage allowing direct pointer dragging of nodes/geometry.,1,Ouroborousel
keyboard shortcuts: ArrowLeft/ArrowRight nudge position by 1%,Hardware computer-keyboard transport and trigger shortcuts.,1,Ouroborousel
Sound source radio group,Interactive instrument control.,1,Ourorourobouroboros
Audio mix slider,Continuous slider control.,1,Ourorourobouroboros
Carousel speed slider,"Rate of playhead scanning, geometric traversal, or animation.",1,Ourorourobouroboros
Center rhythm slider,Continuous slider control.,1,Ourorourobouroboros
Shepard rings stepper,Interactive instrument control.,1,Ourorourobouroboros
Note lift / nested distance slider,Continuous slider control.,1,Ourorourobouroboros
Note chunk length slider,Continuous slider control.,1,Ourorourobouroboros
Note brightness slider,Continuous slider control.,1,Ourorourobouroboros
Pitch threshold slider,Continuous slider control.,1,Ourorourobouroboros
Interruption reach slider,Continuous slider control.,1,Ourorourobouroboros
Fusion focus slider,Continuous slider control.,1,Ourorourobouroboros
Nested silence slider,Continuous slider control.,1,Ourorourobouroboros
Preset grid of buttons,Action trigger button.,1,Ourorourobouroboros
circular canvas track,Interactive canvas stage allowing direct pointer dragging of nodes/geometry.,1,Ourorourobouroboros
keyboard controls when focused: ArrowLeft/ArrowRight,Interactive instrument control.,1,Ourorourobouroboros
Ring touch readout,Real-time state display and parameter monitor.,1,Ouroboros
Preset grid buttons,Action trigger button.,1,Ouroboros
Octave bank width slider,Continuous slider control.,1,Ouroboros
Parallel voice interval slider,Continuous slider control.,1,Ouroboros
Hit decay slider,Envelope decay time or acoustic energy dissipation rate.,1,Ouroboros
Character bias slider,Continuous slider control.,1,Ouroboros
Timbre morph depth slider,Fractal iteration depth or recursive expansion steps.,1,Ouroboros
Rattle mix slider,Continuous slider control.,1,Ouroboros
circular thick-ring canvas track,Interactive canvas stage allowing direct pointer dragging of nodes/geometry.,1,Ouroboros
clicking the inner core,Interactive instrument control.,1,Ouroboros
keyboard controls when focused: ArrowLeft/ArrowRight move/strike the ring position when paused,Interactive instrument control.,1,Ouroboros
Home/End jump to position 0/1 and strike,Interactive instrument control.,1,Ouroboros
ArrowUp/ArrowDown set Rise/Fall direction directly,Interactive instrument control.,1,Ouroboros
Space/Enter strikes at current pluck position,Interactive instrument control.,1,Ouroboros
"""P"" toggles Play/Pause","Starts, pauses, or toggles the main playback transport.",1,Ouroboros
live readout line shows selected ring name and its direction/speed. Presets panel: grid of preset buttons,"Rate of playhead scanning, geometric traversal, or animation.",1,Ouroboros Borealis
Pitch glissando range slider,Continuous slider control.,1,Ouroboros Borealis
Center pitch range slider,Controls the span of pitches mapped across geometry or time.,1,Ouroboros Borealis
Pitch bank width range slider,Continuous slider control.,1,Ouroboros Borealis
Pitch voice interval range slider,Continuous slider control.,1,Ouroboros Borealis
Rhythm glissando range slider,Continuous slider control.,1,Ouroboros Borealis
Center rhythm range slider,Continuous slider control.,1,Ouroboros Borealis
Rhythm bank width range slider,Continuous slider control.,1,Ouroboros Borealis
Rhythm voice interval range slider,Continuous slider control.,1,Ouroboros Borealis
Fast-rhythm-to-pitch coupling range slider,Continuous slider control.,1,Ouroboros Borealis
Coupling focus range slider,Continuous slider control.,1,Ouroboros Borealis
Stereo spread range slider,Stereo width and spatial distribution across audio channels.,1,Ouroboros Borealis
Character bias range slider,Continuous slider control.,1,Ouroboros Borealis
Timbre morph depth range slider,Fractal iteration depth or recursive expansion steps.,1,Ouroboros Borealis
Rattle noise mix range slider,Continuous slider control.,1,Ouroboros Borealis
"keyboard on the focused canvas - ArrowUp/ArrowDown cycles the selected ring, ArrowLeft/ArrowRight nudges the selected ring's signed speed by 0.02, Space/Enter strikes the whole field, and P toggles Play/Pause","Starts, pauses, or toggles the main playback transport.",1,Ouroboros Borealis
"when File is selected, a file picker input",Discrete option selection menu.,1,Sandy Syrup Delay
"hidden HTML <audio> element plays the chosen file. Presets panel: grid of preset buttons pulled from BARBER_DELAY_PRESETS.sandy, each loading a named settings bundle",Stereo width and spatial distribution across audio channels.,1,Sandy Syrup Delay
Sweep speed range slider,"Rate of playhead scanning, geometric traversal, or animation.",1,Sandy Syrup Delay
Pitch octaves range slider,Continuous slider control.,1,Sandy Syrup Delay
Grain voices range slider,Continuous slider control.,1,Sandy Syrup Delay
Sweep tilt range slider,Continuous slider control.,1,Sandy Syrup Delay
Grain size range slider,Continuous slider control.,1,Sandy Syrup Delay
Grain motion,Interactive instrument control.,1,Sandy Syrup Delay
Safe feedback range slider,Feedback gain recirculating audio or delay loops.,1,Sandy Syrup Delay
Dry/wet range slider,Continuous slider control.,1,Sandy Syrup Delay
Input level range slider,Continuous slider control.,1,Sandy Syrup Delay
Source choice-switch Mic/File buttons,Two-state binary toggle switch.,1,Candy Coil Delay
File picker input type=file accept=audio/*,Interactive instrument control.,1,Candy Coil Delay
Loop-file icon button,Action trigger button.,1,Candy Coil Delay
Presets grid of buttons populated from BARBER_DELAY_PRESETS,Action trigger button.,1,Candy Coil Delay
Direction choice-switch left-arrow/right-arrow buttons,Two-state binary toggle switch.,1,Candy Coil Delay
Head speed slider,"Rate of playhead scanning, geometric traversal, or animation.",1,Candy Coil Delay
Delay range slider,Continuous slider control.,1,Candy Coil Delay
Tap range button,Action trigger button.,1,Candy Coil Delay
Lock 1:1 toggle button,Two-state binary toggle switch.,1,Candy Coil Delay
Delay heads slider,Continuous slider control.,1,Candy Coil Delay
Window tilt slider,Continuous slider control.,1,Candy Coil Delay
Safe feedback slider,Feedback gain recirculating audio or delay loops.,1,Candy Coil Delay
Feedback time slider,Feedback gain recirculating audio or delay loops.,1,Candy Coil Delay
Dry/wet slider,Continuous slider control.,1,Candy Coil Delay
Input level slider,Continuous slider control.,1,Candy Coil Delay
Loop/Ping-pong choice-switch buttons,Two-state binary toggle switch.,1,L-System
Iteration-playback select dropdown,Discrete option selection menu.,1,L-System
Grammar preset select dropdown,"Selects the active synthesis engine, voice mode, or preset.",1,L-System
Pitch data select dropdown,Discrete option selection menu.,1,L-System
Trunk frequency slider,Continuous slider control.,1,L-System
Angle pitch scale slider,Continuous slider control.,1,L-System
Depth-to-timbre slider,Fractal iteration depth or recursive expansion steps.,1,L-System
Modulation depth slider,Fractal iteration depth or recursive expansion steps.,1,L-System
Branch amplitude envelope editor,Interactive instrument control.,1,L-System
Geometry-view buttons Orbit/Stack/Causal,Action trigger button.,1,Recursion
Seed source buttons Noise/Impulse/Mic/Audio,Generates or steps to a new pseudo-random generation seed.,1,Recursion
Capture button,Action trigger button.,1,Recursion
Audio-file picker input type=file accept=audio/*,Interactive instrument control.,1,Recursion
Listen/Play transport button,"Starts, pauses, or toggles the main playback transport.",1,Recursion
Turn/step button,Action trigger button.,1,Recursion
Center/restart button,Resets playback phase or algorithm loop to the start state.,1,Recursion
Cycle timeline/scrub control,Interactive instrument control.,1,Recursion
"Live tree sliders Timbre, Pitch, Rhythm, Phrase, Twist, Memory",Continuous slider control.,1,Recursion
Depth slider,Fractal iteration depth or recursive expansion steps.,1,Recursion
Pace slider,Continuous slider control.,1,Recursion
Fold/transform slider,Continuous slider control.,1,Recursion
Pressure/intensity slider,Continuous slider control.,1,Recursion
Ancestors/Maximum density-action buttons,Action trigger button.,1,Recursion
Space bar on canvas toggles play/pause,"Starts, pauses, or toggles the main playback transport.",1,Recursion
Escape key stops capture and disables audio,Interactive instrument control.,1,Recursion
FM level slider,Continuous slider control.,1,Enveloper
Cycle position slider,Continuous slider control.,1,Enveloper
Preset buttons Canopy/Long middle/Glass rain/Constellation,Action trigger button.,1,Enveloper
Whole-tree duration slider,Continuous slider control.,1,Enveloper
"""Make every split even"" button",Action trigger button.,1,Enveloper
Leaf selector 1-9 buttons,Numeric control range 1 to 9.,1,Enveloper
Leaf FM timbre slider,Continuous slider control.,1,Enveloper
Leaf base-pitch slider,Continuous slider control.,1,Enveloper
Pitch-bend contour 4 node-level sliders,Continuous slider control.,1,Enveloper
FM-index contour 4 node-level sliders,Continuous slider control.,1,Enveloper
Preview-selected-leaf button,Action trigger button.,1,Enveloper
Node time slider,Continuous slider control.,1,Enveloper
Node level slider,Continuous slider control.,1,Enveloper
Bottom pitch slider,Continuous slider control.,1,Enveloper
Vertical pitch span slider,Stereo width and spatial distribution across audio channels.,1,Enveloper
FM field depth slider,Fractal iteration depth or recursive expansion steps.,1,Enveloper
Reset Enveloper button,Action trigger button.,1,Enveloper
pointer-drag on hollow envelope nodes,Interactive canvas stage allowing direct pointer dragging of nodes/geometry.,1,Enveloper
pointer-drag on colored leaf orbs,Interactive canvas stage allowing direct pointer dragging of nodes/geometry.,1,Enveloper
"keyboard: number keys 1-9 select a leaf, Arrow keys nudge the selected node/leaf value",Numeric control range 1 to 9.,1,Enveloper
Boundary position slider,Continuous slider control.,1,Julia
Complex-constant preset select dropdown,"Selects the active synthesis engine, voice mode, or preset.",1,Julia
Real-part slider,Continuous slider control.,1,Julia
Imaginary-part slider,Continuous slider control.,1,Julia
Escape-iterations slider,Continuous slider control.,1,Julia
Boundary-grid/resolution slider,Continuous slider control.,1,Julia
Contour-treatment/simplify slider,Continuous slider control.,1,Julia
View-zoom slider,Continuous slider control.,1,Julia
Reset Julia button,Action trigger button.,1,Julia
Turn-polarity choice-switch Left rises/Right rises buttons,Two-state binary toggle switch.,1,Julia
Pitch-per-full-turn slider,Continuous slider control.,1,Julia
Corner-glide slider,Continuous slider control.,1,Julia
Self-similarity experiment select dropdown,Discrete option selection menu.,1,Julia
Boundary-motif slider,Continuous slider control.,1,Julia
Inverse-depth slider,Fractal iteration depth or recursive expansion steps.,1,Julia
Reference-duration slider,Continuous slider control.,1,Julia
Auditioned-branch choice-switch +sqrt/-sqrt buttons,Two-state binary toggle switch.,1,Julia
Trace-inverse-echoes / Audition-plan / Zoom-to-echo action buttons,Action trigger button.,1,Julia
Synth mode select dropdown,Discrete option selection menu.,1,Julia
Shepard-center/base-frequency slider,Continuous slider control.,1,Julia
Spectral-width slider,Continuous slider control.,1,Julia
mouse wheel / pinch,Interactive instrument control.,1,Julia
drag on empty space or Shift-drag,Interactive instrument control.,1,Julia
drag near boundary,Interactive instrument control.,1,Julia
keyboard Arrow keys,Interactive instrument control.,1,Julia
Play/pause depth-motion button,"Starts, pauses, or toggles the main playback transport.",1,Striped Staircase
Depth position T slider,Fractal iteration depth or recursive expansion steps.,1,Striped Staircase
Steps/Slide motion choice-switch buttons,Two-state binary toggle switch.,1,Striped Staircase
Equal time/Shape time/Depth zoom step-clock choice-switch buttons,Fractal iteration depth or recursive expansion steps.,1,Striped Staircase
Zoom depth slider,Fractal iteration depth or recursive expansion steps.,1,Striped Staircase
Depth-rail step buttons,Fractal iteration depth or recursive expansion steps.,1,Striped Staircase
Fractal-location select dropdown,Discrete option selection menu.,1,Striped Staircase
Fractal-location quick-pick buttons Seahorse/Whole set/Spiral arms/Mini set,Action trigger button.,1,Striped Staircase
Reset selected view button,Action trigger button.,1,Striped Staircase
Zoom-out/Home/Zoom-in buttons,Action trigger button.,1,Striped Staircase
First-depth slider,Fractal iteration depth or recursive expansion steps.,1,Striped Staircase
Field-detail/max-iterations slider,Continuous slider control.,1,Striped Staircase
Stair-steps slider,Continuous slider control.,1,Striped Staircase
Stripe-width slider,Continuous slider control.,1,Striped Staircase
Edge-softness slider,Continuous slider control.,1,Striped Staircase
Palette buttons Glass/Ember/Ultraviolet/Ink,Action trigger button.,1,Striped Staircase
Shape-player choice-switch Shape fill/Wavy depth line/Shape drums/Ensemble buttons,Fractal iteration depth or recursive expansion steps.,1,Striped Staircase
Field-polarity choice-switch White sounds/Black sounds buttons,Two-state binary toggle switch.,1,Striped Staircase
Color-to-sound-scheme select dropdown,Discrete option selection menu.,1,Striped Staircase
Depth pitch range slider,Controls the span of pitches mapped across geometry or time.,1,Striped Staircase
Edge noise slider,Continuous slider control.,1,Striped Staircase
Spatial spread slider,Continuous slider control.,1,Striped Staircase
Mass body / Contour voices / Rhythm crossings / Micro-detail analysis-mix sliders,Continuous slider control.,1,Striped Staircase
drag,Interactive instrument control.,1,Striped Staircase
wheel/pinch,Interactive instrument control.,1,Striped Staircase
double-click,Interactive instrument control.,1,Striped Staircase
"keyboard: +/- zoom, Home reset view, Space play/pause, Left/Right arrow move one depth step","Starts, pauses, or toggles the main playback transport.",1,Striped Staircase
Character preset buttons Seed Pulse/Deep Well/Glass Lattice/Undertow/High Window/Bent Brass,Generates or steps to a new pseudo-random generation seed.,1,Recursive FM
Frequency offset slider,Continuous slider control.,1,Recursive FM
Downloadable REAPER JSFX plugin link,Interactive instrument control.,1,Recursive FM
Character preset buttons Feedback Nest/Slow Furnace/Glass Hive/Cut Current/Brass Moth,Feedback gain recirculating audio or delay loops.,1,Chaotic FM
Entry offset slider,Continuous slider control.,1,Chaotic FM
Nonlinearity rate slider,Continuous slider control.,1,Chaotic FM
Download-plugin link/button for the REAPER JSFX v0.3.0 build,Action trigger button.,1,Chaotic FM
Transfer select dropdown,Discrete option selection menu.,1,Chaotic PM
Chaos/phase-warp slider,Continuous slider control.,1,Chaotic PM
Character preset buttons Brass Choir/Bell Tower/Neon Reed/Glass Forest/Organ Pulse/Electric Wind,Action trigger button.,1,Cascading FM
Mod depth slider,Fractal iteration depth or recursive expansion steps.,1,Cascading FM
Depth taper slider,Fractal iteration depth or recursive expansion steps.,1,Cascading FM
"""Flat FM index"" readout shows the ratio that would keep index constant)",Real-time state display and parameter monitor.,1,Cascading FM
Phase index slider,Continuous slider control.,1,Cascading PM
Index taper slider,Continuous slider control.,1,Cascading PM
readout shows the taper value that keeps displacement constant),Real-time state display and parameter monitor.,1,Cascading PM
"Mode buttons Wave/FM/PM, click, switches synthesis algorithm while keeping the shared partial lattice",Two-state binary toggle switch.,1,Weierstrass
Character preset grid of 10 buttons,Action trigger button.,1,Weierstrass
"Display zoom slider, range 1-8 step 0.1, drag, visual-only zoom of the lattice graphic, does not change pitch","Numeric control range 1 to 8, step 0.1,.",1,Weierstrass
"Terms slider, range 1-48 step 1, drag or Up/Down arrow keys on canvas, requested partial count",Interactive canvas stage allowing direct pointer dragging of nodes/geometry.,1,Weierstrass
"Start exponent slider, range 0-47 step 1, drag","Numeric control range 0 to 47, step 1,.",1,Weierstrass
"Amplitude ratio a slider, range 0-2 step 0.01, drag, per-term amplitude decay",Envelope decay time or acoustic energy dissipation rate.,1,Weierstrass
"Frequency ratio b slider, range 0.125-11 step 0.001, drag, per-term frequency multiplier","Numeric control range 0.125 to 11, step 0.001,.",1,Weierstrass
"Base-term frequency slider, range 0-1 step 0.0001 logarithmic, drag","Numeric control range 0 to 1, step 0.0001.",1,Weierstrass
"FM deviation slider, range 0-1 step 0.0001, drag, FM mode only","Numeric control range 0 to 1, step 0.0001,.",1,Weierstrass
"Frequency offset slider, range 0-1 step 0.0001, drag, FM mode only","Numeric control range 0 to 1, step 0.0001,.",1,Weierstrass
"Phase oscillator slider, range 0-1 step 0.0001, drag, PM mode only","Numeric control range 0 to 1, step 0.0001,.",1,Weierstrass
"Phase index slider, range 0-1 step 0.0001, drag, PM mode only","Numeric control range 0 to 1, step 0.0001,.",1,Weierstrass
"Reset parameters button, click, restores default preset",Action trigger button.,1,Weierstrass
"Play/Pause transport button, click or Space, toggles the static field","Starts, pauses, or toggles the main playback transport.",1,Plasma Ball
"Surge button, click or Enter, sends an extra discharge burst",Action trigger button.,1,Plasma Ball
"Reset button, click, restores defaults",Action trigger button.,1,Plasma Ball
"Filaments slider, range 4-18 step 1, drag, number of discharge arcs, rebuilds the bolt set","Numeric control range 4 to 18, step 1,.",1,Plasma Ball
"Glass attraction slider, range 0-1 step 0.01, drag","Numeric control range 0 to 1, step 0.01,.",1,Plasma Ball
"Speed / intensity slider, range 0-1 step 0.01, drag, scales simultaneous slow+fast filament rates and discharge force","Rate of playhead scanning, geometric traversal, or animation.",1,Plasma Ball
"Arc chaos slider, range 0-1 step 0.01, drag","Numeric control range 0 to 1, step 0.01,.",1,Plasma Ball
"Branch density slider, range 0-1 step 0.01, drag","Numeric control range 0 to 1, step 0.01,.",1,Plasma Ball
"Low frequency slider, range 28-220 Hz step 1, drag, base pitch floor",Numeric control range 28 to 220.,1,Plasma Ball
"Pitch span slider, range 0.5-6 octaves step 0.1, drag, free-pitch range mapped from arc angle",Controls the span of pitches mapped across geometry or time.,1,Plasma Ball
"pointer drag/move/down/up attracts sparks toward the pointer and, on first touch, starts audio",Interactive canvas stage allowing direct pointer dragging of nodes/geometry.,1,Plasma Ball
"keyboard, Space toggles play, Left/Right arrow moves a keyboard attractor, Enter surges, Escape stops audio",Two-state binary toggle switch.,1,Plasma Ball
"Play synth transport button or Space, starts/stops the acid pattern","Starts, pauses, or toggles the main playback transport.",1,WebGPU 303
"Randomize patch and Mutate patch buttons, click, randomize or nudge all knob parameters within safe ranges",Generates or steps to a new pseudo-random generation seed.,1,WebGPU 303
"Preset grid of 12 named acid patches such as Source Acid Synth, Lysergic Ribbon and Astral Smear, click",Interactive instrument control.,1,WebGPU 303
"Source noise, Randomize, Mutate and Invert sequence buttons, click, transform the 16-step pattern",Generates or steps to a new pseudo-random generation seed.,1,WebGPU 303
"15 rotary knob controls, drag vertically or mouse wheel or arrow keys when focused, for Clock rate, Bar length, Cutoff/Sweep, Resonance, Drive, Wobble/LFO, Astral/Stereo, Tune/Fundamental, Note range, Fold/Ratio, Sample offset, Color/Partials, Accent decay, Shader gain, and Oracle/Seed",Generates or steps to a new pseudo-random generation seed.,1,WebGPU 303
"Workgroup size select, 32/64/128/256 lanes",Discrete option selection menu.,1,WebGPU 303
"shared knob bank of the same 15 core WebGPU 303 controls grouped into Transport, Voice, Filter and Core sections plus an XL section adding Harmonic morph",Filter cutoff frequency and spectral resonance control.,1,SIMD 303
Play synth transport button or Space,"Starts, pauses, or toggles the main playback transport.",1,SIMD 303
Randomize patch and Mutate patch buttons,Generates or steps to a new pseudo-random generation seed.,1,SIMD 303
"Source noise, Randomize, Mutate and Invert sequence buttons",Generates or steps to a new pseudo-random generation seed.,1,SIMD 303
"Step-expression lane buttons Pitch/Accent/Gate/Slide/Chance, click, selects which per-step lane the step grid edits",Action trigger button.,1,SIMD 303
"Acidize steps, Randomize expression and Reset expression buttons",Generates or steps to a new pseudo-random generation seed.,1,SIMD 303
Stage preset select plus Recall preset button,"Selects the active synthesis engine, voice mode, or preset.",1,SIMD 303
"Save and Delete named user-preset controls, text input plus buttons, stored in the browser",Action trigger button.,1,SIMD 303
"Capture morph A and B buttons, Swap button, Morph time slider range 0-1 step 0.001 plus unit/scope/target selects, and Start Morph button that crossfades between two captured patch snapshots","Numeric control range 0 to 1, step 0.001.",1,SIMD 303
Preset grid,Interactive instrument control.,1,SIMD 303
"oscilloscope canvas, visual only",Interactive canvas stage allowing direct pointer dragging of nodes/geometry.,1,SIMD SYNTH
"X/Y expression pad, drag or arrow keys plus Enter/Space, X morphs sources and Y shapes tone, pressing also plays a note",Selects or morphs oscillator waveform shape.,1,SIMD SYNTH
"16-step sequencer grid with lane-select buttons Pitch/Gate/Accent/Slide, click to switch the edited lane, drag across steps to paint values, plus Randomize/Mutate/Rotate/Reset buttons",Generates or steps to a new pseudo-random generation seed.,1,SIMD SYNTH
"two-octave on-screen keyboard row, click or the Z-M/Q-U keys",Interactive instrument control.,1,SIMD SYNTH
"BPM slider, range 30-240",Numeric control range 30 to 240.,1,SIMD SYNTH
"Init, Undo, Random and Panic buttons",Stereo width and spatial distribution across audio channels.,1,SIMD SYNTH
"Save preset with a name field, and Delete preset button",Action trigger button.,1,SIMD SYNTH
Generator A: source-algorithm select plus Tune,Discrete option selection menu.,1,SIMD SYNTH
Generator B: identical knob set and its own source select,Discrete option selection menu.,1,SIMD SYNTH
"Combine section: Algorithm select, Balance slider",Continuous slider control.,1,SIMD SYNTH
Shaper/Filters order-swap button,Filter cutoff frequency and spectral resonance control.,1,SIMD SYNTH
Shaper select plus Amount slider,Selects or morphs oscillator waveform shape.,1,SIMD SYNTH
Filter routing select and Filter Blend slider,Filter cutoff frequency and spectral resonance control.,1,SIMD SYNTH
"Filter 1 and Filter 2 each with a type select, log-mapped Cutoff slider, and Resonance slider",Filter cutoff frequency and spectral resonance control.,1,SIMD SYNTH
"Envelope/LFO section: log-mapped Attack and Decay, Sustain, log-mapped Release, Glide, Stereo width, Voice drift, and two log-mapped LFO rate sliders",Envelope decay time or acoustic energy dissipation rate.,1,SIMD SYNTH
FX order-swap button,Action trigger button.,1,SIMD SYNTH
"FX1 and FX2 each with a type select, Wet, log-mapped Time, and Feedback sliders",Feedback gain recirculating audio or delay loops.,1,SIMD SYNTH
"sequencer transport section: Swing, Length",Rhythmic swing timing applied to alternating clock steps.,1,SIMD SYNTH
Play chiptune transport button or Space,"Starts, pauses, or toggles the main playback transport.",1,WebGPU Chiptune
Previous/Next preset buttons with a character-preset readout,Action trigger button.,1,WebGPU Chiptune
"Character performance canvas, six arcade-invader bays, click a performer to select it, drag to change its two live effects, plus keyboard Arrow/PageUp/PageDown/Home/M/S",Interactive canvas stage allowing direct pointer dragging of nodes/geometry.,1,WebGPU Chiptune
"six Mute/Solo button pairs, one per voice, Upper A, Upper B, Bass, Lead, Arp and Drums, with live effect readouts",Action trigger button.,1,WebGPU Chiptune
"Sequence-editor canvas, click selects, double-click toggles on/off, drag sets pitch/volume, plus keyboard Arrow/PageUp/PageDown/Home/End/Enter/Space/A/N/R/Delete",Interactive canvas stage allowing direct pointer dragging of nodes/geometry.,1,WebGPU Chiptune
Sequence-view radio toggle between Sequence and Pattern pad,Two-state binary toggle switch.,1,WebGPU Chiptune
"Playback structure select, Pattern versus Song",Discrete option selection menu.,1,WebGPU Chiptune
voice-lane tab picker,Interactive instrument control.,1,WebGPU Chiptune
"step-state buttons Reset Step, Draw Note, Silence",Action trigger button.,1,WebGPU Chiptune
"semitone-offset slider plus number input, range -72..72",Continuous slider control.,1,WebGPU Chiptune
"selected-step volume slider, range 0-100",Numeric control range 0 to 100.,1,WebGPU Chiptune
Follow toggle button,Two-state binary toggle switch.,1,WebGPU Chiptune
"Loop length number input, range 1-32",Numeric control range 1 to 32.,1,WebGPU Chiptune
sequence-page buttons,Action trigger button.,1,WebGPU Chiptune
step-fraction select plus custom numerator/denominator number inputs,Discrete option selection menu.,1,WebGPU Chiptune
"note-length-within-step Gate slider, range 5-100",Numeric control range 5 to 100.,1,WebGPU Chiptune
X-zoom select,Discrete option selection menu.,1,WebGPU Chiptune
X-pan slider,Stereo width and spatial distribution across audio channels.,1,WebGPU Chiptune
"Rotate -1/+1, Reverse, Vary lane and Reset lane edits buttons",Action trigger button.,1,WebGPU Chiptune
"visible pitch-range slider, range 12-72 semitones",Numeric control range 12 to 72.,1,WebGPU Chiptune
"Y-pan pitch-center slider, range -36..36",Stereo width and spatial distribution across audio channels.,1,WebGPU Chiptune
dynamically generated focused-voice sound control stack,Interactive instrument control.,1,WebGPU Chiptune
Pattern-pad X/Y morph controls for seed and pitch range with Reset active/all lane-edits buttons,Controls the span of pitches mapped across geometry or time.,1,WebGPU Chiptune
Quick Patch macro knob bank of 16 shader macros with Randomize/Mutate patch buttons,Generates or steps to a new pseudo-random generation seed.,1,WebGPU Chiptune
Shared Tempo + Song Gates preset grid and pattern controls,Playback tempo in beats per minute (BPM).,1,WebGPU Chiptune
All Voices + Shared Pulse/PWM control stack,Interactive instrument control.,1,WebGPU Chiptune
All Drums + Shared Drum Bus control stack,Interactive instrument control.,1,WebGPU Chiptune
Shared Echo + Mix control stack for the 8-tap echo,Interactive instrument control.,1,WebGPU Chiptune
"Phrase/Song + Advanced Sound section with scale, gate and advanced subgroup controls",Interactive instrument control.,1,WebGPU Chiptune
Reload default preset button,Action trigger button.,1,WebGPU Chiptune
Play sequence button or Space,Action trigger button.,1,Jaw Jam
Return-to-first-step button,Action trigger button.,1,Jaw Jam
"New phrase, Mutate and Clear buttons",Action trigger button.,1,Jaw Jam
"Sequence Length slider, range 1-32 steps","Numeric control range 1 to 32, step s.",1,Jaw Jam
"Pluck tempo slider, range 36-480 BPM",Playback tempo in beats per minute (BPM).,1,Jaw Jam
"Swing slider, range -0.42..0.42",Rhythmic swing timing applied to alternating clock steps.,1,Jaw Jam
"Breath ratio select, choices from 1 breath per 3 beats to 3 breaths per beat",Discrete option selection menu.,1,Jaw Jam
"animated Pluck clock and Breath clock displays, visual only",Real-time state display and parameter monitor.,1,Jaw Jam
"paint-mode toolbar with Pitch+pluck, Pull, Air, Rate, Vowel, Voice, Hold and X rest buttons, click to choose then drag across the step lane to paint that parameter, Shift paints rests and Option paints holds",Action trigger button.,1,Jaw Jam
Draw/Scroll touch-mode toggle buttons,Two-state binary toggle switch.,1,Jaw Jam
"horizontally scrollable step lane, drag or click per step",Interactive instrument control.,1,Jaw Jam
"step inspector with Pluck/Hold/X-rest action buttons, Vowel select, Voice/material select, Pitch slider range 27-53 MIDI with ArrowUp/Down plus-or-minus 1 and Shift plus-or-minus 12 and Home/End to extremes, Pull slider range 0-1, Air slider range 0-3, and Breath rate slider range 0.125-8x",Numeric control range 27 to 53.,1,Jaw Jam
Audition step and Stop sound buttons,Action trigger button.,1,Jaw Jam
Play sequence transport button or Space,"Starts, pauses, or toggles the main playback transport.",1,GPU Shader Synths
"Edit-lane select, Lane-destination select, plus Add parameter lane and Remove lane buttons",Action trigger button.,1,GPU Shader Synths
"sequencer canvas, drag vertically or across steps to paint values, double-click to remove a step",Interactive canvas stage allowing direct pointer dragging of nodes/geometry.,1,GPU Shader Synths
preset grid of 32 buttons,Action trigger button.,1,GPU Shader Synths
"Rotate -1/+1, Reverse and Invert lane buttons",Action trigger button.,1,GPU Shader Synths
sequence generator/technique button grid,Action trigger button.,1,GPU Shader Synths
Vary selected lane and Vary all lanes buttons,Action trigger button.,1,GPU Shader Synths
"Layer-behavior select, Stack versus Morph, plus Add synthesis layer button",Action trigger button.,1,GPU Shader Synths
dynamically generated per-layer model-layer list and model controls,Interactive instrument control.,1,GPU Shader Synths
component-count control group covering six adjustable banks,Interactive instrument control.,1,GPU Shader Synths
"additive rank table where each active rank exposes frequency ratio, level, AM frequency and AM depth as dynamically generated rows",Fractal iteration depth or recursive expansion steps.,1,GPU Shader Synths
GPU post-effects control group,Interactive instrument control.,1,GPU Shader Synths
Field control group for scale and MIDI mapping settings,Interactive instrument control.,1,GPU Shader Synths
Reset shader synth button,Action trigger button.,1,GPU Shader Synths
"Audio on/off button, disabled until WebGPU modules finish loading",Global audio engine master enable/disable toggle.,1,srtuss Master
"Randomize, Mutate and Reset buttons",Generates or steps to a new pseudo-random generation seed.,1,srtuss Master
"five Rack-global sliders, Clock 0.5-2x, Tune -24..24 st, Width 0-1.5x, Space -1..1, and Drive -1..1, each moving every mapped voice together",Numeric control range 0.5 to 2.,1,srtuss Master
Add voice button,Action trigger button.,1,srtuss Master
voice deck listing active song-part voices,Interactive instrument control.,1,srtuss Master
Previous/Next-voice cycle buttons,Action trigger button.,1,srtuss Master
Knobs-edit target select choosing which part the macro knobs currently control,Discrete option selection menu.,1,srtuss Master
dynamically generated macro knob shelf,Interactive instrument control.,1,srtuss Master
preset/song-part button grid,Action trigger button.,1,srtuss Master
Play master transport button or Space plus a timeline readout,"Starts, pauses, or toggles the main playback transport.",1,srtuss Master
"edit-voice section with Sound source select, Parameter mode select choosing Original 1:1 versus Master mapped, Internal part select, Level slider 0-1, Pan slider -1..1, and Tape rate slider 0.5-2x",Stereo width and spatial distribution across audio channels.,1,srtuss Master
Explode-selected-voice and Remove-selected-voice buttons,Action trigger button.,1,srtuss Master
"module palette, categorized list, click a module icon to add it to the patch or click its speaker icon to audition it standalone",Interactive instrument control.,1,Modular Shader Synth
"Patch-view toggle, Fit graph and Clear buttons",Two-state binary toggle switch.,1,Modular Shader Synth
XYFlow-canvas comparison link,Interactive canvas stage allowing direct pointer dragging of nodes/geometry.,1,Modular Shader Synth
"graph viewport where dragging an OUT port then an IN port connects two modules, and dragging a module header repositions it",Interactive instrument control.,1,Modular Shader Synth
"scope canvas, visual output waveform, no interaction",Interactive canvas stage allowing direct pointer dragging of nodes/geometry.,1,Modular Shader Synth
Play/Run patch transport button or Space,"Starts, pauses, or toggles the main playback transport.",1,Modular Shader Synth
preset picker with Previous/Next patch buttons and a preset button strip,Action trigger button.,1,Modular Shader Synth
"GPU response chunk-duration slider, range 0.03-0.25s",Numeric control range 0.03 to 0.25.,1,Modular Shader Synth
Play note and Random note buttons,Generates or steps to a new pseudo-random generation seed.,1,Modular Shader Synth
Octave down/up buttons,Action trigger button.,1,Modular Shader Synth
"on-screen note-button row from C3 to C4, click to play",Action trigger button.,1,Modular Shader Synth
Stateful-node-enabled checkbox for the selected module,Discrete option selection menu.,1,Modular Shader Synth
Node asset file input to upload a custom audio sample plus a Use-built-in clear button,Action trigger button.,1,Modular Shader Synth
Reset nine organ ranks button,Action trigger button.,1,Modular Shader Synth
"parameter-response canvas, visual feedback for the selected module, no direct interaction",Interactive canvas stage allowing direct pointer dragging of nodes/geometry.,1,Modular Shader Synth
Remove selected module button,Action trigger button.,1,Modular Shader Synth
dynamically generated per-module parameter panel of sliders and selects specific to the selected module type,Stereo width and spatial distribution across audio channels.,1,Modular Shader Synth
"Randomize voice, Randomize set, Reset set, Copy JSON, Download JSON and Save set buttons",Generates or steps to a new pseudo-random generation seed.,1,FM Drums
"16-pad grid, click or tap to trigger a voice and select it for editing, also computer keys 1-4, Q-R, A-F and Z-V per pad",Numeric control range 1 to 4.,1,FM Drums
Audition voice button,Action trigger button.,1,FM Drums
"dynamically generated voice-editor control stack with 9 sliders, Tune mapped from 0-1 to Hz, Attack 0.001-0.25s, Decay 0.035-3s, FM ratio 0.25-8, FM index 0-20, Pitch sweep -1..8x, Noise 0-1, Tone 0-1, and Level 0-1",Envelope decay time or acoustic energy dissipation rate.,1,FM Drums
"percussion stage canvas, drag horizontally across the continuous spectrum to trigger different timbres, drag dotted morph boundaries to reposition without triggering sound",Interactive canvas stage allowing direct pointer dragging of nodes/geometry.,1,Rattlesnake
"Pluck rail slider, range 0-1 log-mapped to 20 Hz-16 kHz",Numeric control range 0 to 1.,1,Rattlesnake
Sweep play/pause transport button,"Starts, pauses, or toggles the main playback transport.",1,Rattlesnake
"Sweep direction toggle, Up versus Down",Reverses traversal or scanning direction (forward / reverse).,1,Rattlesnake
Loop mode and Back-and-forth mode buttons,Action trigger button.,1,Rattlesnake
"Hit density slider, range 4-28 per second, with a map toggle button",Numeric control range 4 to 28.,1,Rattlesnake
"Gliss speed slider, range 0.2-4 oct/s, with a map toggle","Rate of playhead scanning, geometric traversal, or animation.",1,Rattlesnake
"Sound-model radio group, Modal+FM, Modal, FM, Pitched, Karplus",Interactive instrument control.,1,Rattlesnake
"Karplus morph-path selects for Low, Low-mid, High-mid and High anchor presets, visible only in Karplus mode",Discrete option selection menu.,1,Rattlesnake
preset bank grid of 16 Rattlesnake presets,Interactive instrument control.,1,Rattlesnake
"Kick-to-tom morph-position slider, range 55-220 Hz",Numeric control range 55 to 220.,1,Rattlesnake
"Tom-to-hand slider, range 250-1800 Hz",Numeric control range 250 to 1800.,1,Rattlesnake
"Hand-to-air slider, range 1900-10000 Hz",Numeric control range 1900 to 10000.,1,Rattlesnake
"Morph width slider, range 0.3-2.5 oct",Numeric control range 0.3 to 2.5.,1,Rattlesnake
"Attack slider, range 0-1, Rattlesnake models only, with a map toggle",Numeric control range 0 to 1.,1,Rattlesnake
"Decay slider, range 0-1, with a map toggle",Envelope decay time or acoustic energy dissipation rate.,1,Rattlesnake
"Pitch fall slider, range 0-2, Rattlesnake only, with a map toggle",Numeric control range 0 to 2.,1,Rattlesnake
"Attack noise slider, range 0-1.6, with a map toggle",Numeric control range 0 to 1.6.,1,Rattlesnake
"Brightness slider, range 0-1, with a map toggle",Numeric control range 0 to 1.,1,Rattlesnake
"Membrane stiffness/dispersion slider, range 0-1, with a map toggle",Numeric control range 0 to 1.,1,Rattlesnake
"Strike hardness slider, range 0-1, with a map toggle",Numeric control range 0 to 1.,1,Rattlesnake
"Range ceiling slider, range 0-1, sets the top of the sonification range up to 16 kHz",Numeric control range 0 to 1.,1,Rattlesnake
"Pluck button plus the string-stage canvas, click or drag horizontally across the vertical strings to select and strum low-to-high, vertical position sets pick position, Left/Right arrow selects a string, Space/Enter plucks",Interactive canvas stage allowing direct pointer dragging of nodes/geometry.,1,Karplus Strong
"Frequency-spacing toggle, Equal octave versus Equal Hz",Two-state binary toggle switch.,1,Karplus Strong
"Low frequency slider, range 0-1 log, spanning 20 Hz-8 kHz",Stereo width and spatial distribution across audio channels.,1,Karplus Strong
"High limit slider, range 0-1 log",Numeric control range 0 to 1.,1,Karplus Strong
"Divisions/octave slider, range 1-48",Numeric control range 1 to 48.,1,Karplus Strong
"Pitch bend slider, range -200..200 cents, plus a Center button",Continuous slider control.,1,Karplus Strong
preset grid of string/instrument-character presets,Interactive instrument control.,1,Karplus Strong
"Exciter knobs, Hardness 0-1, Noise color 0-1, Impulse mix/excitation shape 0-1, Burst length 0.1-4x, Pick position 0.04-0.96, Pick comb/width 0-1",Selects or morphs oscillator waveform shape.,1,Karplus Strong
"Feedback-loop knobs, Decay 0.2-16s, Damping 0-1, Brightness 0-1, Fine tune -50..50 cents, Dispersion 0-1, Polarity -1..1, DC loss 0-1, Loop drive 0-1, Delay wobble/chorus depth 0-1, Wobble rate 0.05-8 Hz, Roughness 0-1",Fractal iteration depth or recursive expansion steps.,1,Karplus Strong
"Pickup and body knobs, Pickup position 0.04-0.96, Pickup comb/mix 0-1, Body 0-1, Body tune 0.5-8x, Body Q 0.2-12, Coupling 0-1, Coupled ratio 0.25-4x, Coupled tune -50..50 cents, Spread 0-1",Filter resonance peak or physical body resonance amount.,1,Karplus Strong
Left/Right arrow keys cross one area,Interactive instrument control.,1,Karplus Carpet
Space/Enter strikes current area) mapping horizontal position to pitch. Surface section: Body time slider,Continuous slider control.,1,Karplus Carpet
Level variation slider,Continuous slider control.,1,Karplus Carpet
Stereo weave slider,Continuous slider control.,1,Karplus Carpet
Amplitude ADSR: Attack,Interactive instrument control.,1,Karplus Carpet
Pitch field spacing toggle buttons,Two-state binary toggle switch.,1,Karplus Carpet
Low frequency slider,Continuous slider control.,1,Karplus Carpet
High limit slider,Continuous slider control.,1,Karplus Carpet
Divisions/octave slider,Continuous slider control.,1,Karplus Carpet
Pitch bend slider,Continuous slider control.,1,Karplus Carpet
dynamic preset button grid,Action trigger button.,1,Karplus Carpet
Cell color slider,Continuous slider control.,1,Karplus Carpet
Randomize voice button,Generates or steps to a new pseudo-random generation seed.,1,Sample Drums
Randomize set button,Generates or steps to a new pseudo-random generation seed.,1,Sample Drums
Reset set button,Action trigger button.,1,Sample Drums
Copy JSON button,Action trigger button.,1,Sample Drums
Download JSON button,Action trigger button.,1,Sample Drums
Save set button,Action trigger button.,1,Sample Drums
"Tab enters an arch, Left/Right moves along it, Up/Down swaps upper/lower matching tooth, Home/End jumps to rear teeth, Enter/Space strikes, drag = glissando across teeth)",Interactive instrument control.,1,Dentaphone
toothbrush prop draggable over the arches. Material & mallet: Tooth material select,Discrete option selection menu.,1,Dentaphone
"Performance pad buttons: Strike selected =strike, Soft tap =trigger, Mute =stop",Action trigger button.,1,Dentaphone
every bristle pass over a tooth triggers its note). 3D mouth & view,Interactive instrument control.,1,Dentaphone
Jaw opening slider,Continuous slider control.,1,Dentaphone
Reset 3D view button,Action trigger button.,1,Dentaphone
Turn/yaw slider,Continuous slider control.,1,Dentaphone
Tilt/pitch slider,Continuous slider control.,1,Dentaphone
drag empty 3D space to orbit the camera. Tooth keyboard: Pitch distribution select,Discrete option selection menu.,1,Dentaphone
Root note select,Discrete option selection menu.,1,Dentaphone
Lower register octave select,Discrete option selection menu.,1,Dentaphone
Body scale,Interactive instrument control.,1,Dentaphone
Stiffness,Interactive instrument control.,1,Dentaphone
Material damping,Interactive instrument control.,1,Dentaphone
Mode count,Interactive instrument control.,1,Dentaphone
Tooth strike position,Interactive instrument control.,1,Dentaphone
Listening position,Interactive instrument control.,1,Dentaphone
Strike force,Interactive instrument control.,1,Dentaphone
Exciter brightness,Interactive instrument control.,1,Dentaphone
Modal spread/stereo width,Interactive instrument control.,1,Dentaphone
algorithm choice buttons,Action trigger button.,1,Sorting
Step button,Action trigger button.,1,Sorting
Sequence position slider,Continuous slider control.,1,Sorting
Step tempo slider,Playback tempo in beats per minute (BPM).,1,Sorting
Step length slider,Continuous slider control.,1,Sorting
Space toggles when focused via data-primary-transport),Two-state binary toggle switch.,1,DJ Dijkstra
Settle next button,Action trigger button.,1,DJ Dijkstra
"data-primary-transport, Space toggles when focus is on the page surface)",Two-state binary toggle switch.,1,Yoyodyne
Throw button,Action trigger button.,1,Yoyodyne
Tug button,Action trigger button.,1,Yoyodyne
Catch button,Action trigger button.,1,Yoyodyne
live telemetry readouts,Real-time state display and parameter monitor.,1,Yoyodyne
Throw energy slider,Continuous slider control.,1,Yoyodyne
String friction slider,Continuous slider control.,1,Yoyodyne
Harmonic color/tone slider,Continuous slider control.,1,Yoyodyne
Compliance/elasticity slider,Continuous slider control.,1,Yoyodyne
data-primary-transport but data-no-midi-preview). Structure: Gestures per path slider,Continuous slider control.,1,Feral Fairy Ferris Ferry
Levels slider,Continuous slider control.,1,Feral Fairy Ferris Ferry
Level 1 only reset button,Action trigger button.,1,Feral Fairy Ferris Ferry
per-level,Interactive instrument control.,1,Feral Fairy Ferris Ferry
"levels 2-5 choose Pass/Modulator/Delay, defaulting to Modulator/Delay/Pass/Pass for levels 2/3/4/5)",Numeric control range 2 to 5.,1,Feral Fairy Ferris Ferry
Path speed slider,"Rate of playhead scanning, geometric traversal, or animation.",1,Feral Fairy Ferris Ferry
Speed ratio slider,"Rate of playhead scanning, geometric traversal, or animation.",1,Feral Fairy Ferris Ferry
Gesture contour motion buttons [data-orbital-motion],Action trigger button.,1,Feral Fairy Ferris Ferry
Zoom into core slider,Continuous slider control.,1,Feral Fairy Ferris Ferry
Coprime base a select,Discrete option selection menu.,1,Order Tones
Counting register select,Discrete option selection menu.,1,Order Tones
"aria-label ""Play modular sequence"")",Interactive instrument control.,1,Order Tones
Register view toggle buttons /,Two-state binary toggle switch.,1,Order Tones
Selected bin k slider,Continuous slider control.,1,Order Tones
64 shots button,Action trigger button.,1,Order Tones
shot histogram display,Real-time state display and parameter monitor.,1,Order Tones
result ledger,Interactive instrument control.,1,Order Tones
"Hull toggle button , Vectors toggle",Two-state binary toggle switch.,1,Morphazoidical
click a glowing contact to pin it in the inspector,Interactive instrument control.,1,Morphazoidical
Clear pin button,Action trigger button.,1,Morphazoidical
"Space, data-primary-transport, aria-keyshortcuts Space)",Interactive instrument control.,1,Morphazoidical
Reader phase slider,Continuous slider control.,1,Morphazoidical
Reader speed slider,"Rate of playhead scanning, geometric traversal, or animation.",1,Morphazoidical
Rotate toggle button,Two-state binary toggle switch.,1,Morphazoidical
Pose/rotation slider,Continuous slider control.,1,Morphazoidical
Rotation speed slider,"Rate of playhead scanning, geometric traversal, or animation.",1,Morphazoidical
Star depth slider,Fractal iteration depth or recursive expansion steps.,1,Morphazoidical
Edge curvature slider,Continuous slider control.,1,Morphazoidical
Controlled phase slider,Continuous slider control.,1,Bell Square
Alice axis slider,Continuous slider control.,1,Bell Square
Bob axis slider,Continuous slider control.,1,Bell Square
Local dephasing slider,Continuous slider control.,1,Bell Square
Measure button fires one measurement shot,Action trigger button.,1,Bell Square
"""32 shots"" button fires a 32-shot batch and updates the shot ledger",Action trigger button.,1,Bell Square
Reset Bell Square button restores all defaults,Action trigger button.,1,Bell Square
is focusable and keyboard-driven,Interactive instrument control.,1,Bell Square
"""Call figure"" button advances to the next dance figure",Action trigger button.,1,Entanglement Dance
"""Measure"" button collapses/samples the current state",Action trigger button.,1,Entanglement Dance
four Bell-state preset buttons,Action trigger button.,1,Entanglement Dance
Decoherence slider,Continuous slider control.,1,Entanglement Dance
Alice root slider,Continuous slider control.,1,Entanglement Dance
Bob root slider,Continuous slider control.,1,Entanglement Dance
Interval spread slider,Continuous slider control.,1,Entanglement Dance
Reset Dance button restores defaults,Action trigger button.,1,Entanglement Dance
Scene select dropdown,Discrete option selection menu.,1,Quantum Square Dance
Exchange phase theta slider,Continuous slider control.,1,Quantum Square Dance
"""Hold sqrt",Interactive instrument control.,1,Quantum Square Dance
"""Full SWAP"" button jumps to full spin exchange",Action trigger button.,1,Quantum Square Dance
"""Reprepare"" button resets the state to the initial preparation",Action trigger button.,1,Quantum Square Dance
Musical recurrence slider,Continuous slider control.,1,Quantum Square Dance
Initial spin preparation select dropdown,Discrete option selection menu.,1,Quantum Square Dance
Coherence slider,Continuous slider control.,1,Quantum Square Dance
Representative lattice pairs slider,Continuous slider control.,1,Quantum Square Dance
Exchange root select dropdown,Discrete option selection menu.,1,Quantum Square Dance
Melodic contour slider,Continuous slider control.,1,Quantum Square Dance
Phrase density slider,Continuous slider control.,1,Quantum Square Dance
Spectral color slider,Continuous slider control.,1,Quantum Square Dance
"""Measure once"" button samples one shot",Action trigger button.,1,Quantum Square Dance
"""32 shots"" button samples a batch",Action trigger button.,1,Quantum Square Dance
Reset Quantum Square Dance button restores all defaults,Action trigger button.,1,Quantum Square Dance
Energy preset select dropdown,"Selects the active synthesis engine, voice mode, or preset.",1,Annealogue
Schedule position slider,Continuous slider control.,1,Annealogue
"""Restart"" button resets schedule to s=0",Resets playback phase or algorithm loop to the start state.,1,Annealogue
"""Step +1%"" button advances the schedule by one percent",Action trigger button.,1,Annealogue
"""Measure"" button samples/strikes the current sampled bitstring",Action trigger button.,1,Annealogue
Anneal duration slider,Continuous slider control.,1,Annealogue
Transverse field Gamma slider,Continuous slider control.,1,Annealogue
Reset all parameters button restores defaults,Restores all instrument parameters and scenes to default values.,1,Annealogue
"global keyboard shortcuts: Space play/pause, Left/Right Arrow scrub schedule, M = measure, Escape = audio off","Starts, pauses, or toggles the main playback transport.",1,Annealogue
"""Reset"" button resets the scene",Action trigger button.,1,Gravity Walk
"""Kick"" button",Action trigger button.,1,Gravity Walk
scene-specific Physics controls,Interactive instrument control.,1,Gravity Walk
pointer drag on/around the bead sets its position and release-velocity,Interactive canvas stage allowing direct pointer dragging of nodes/geometry.,1,Gravity Walk
"""Spawn ball"" button",Action trigger button.,1,Ricochet
scene Physics controls: Arena preset select dropdown,"Selects the active synthesis engine, voice mode, or preset.",1,Ricochet
"pointer interactions: drag a vertex to reshape the arena, press-and-drag an edge midpoint to insert a new vertex, press empty interior space and drag to aim then release to launch a new ball",Interactive canvas stage allowing direct pointer dragging of nodes/geometry.,1,Ricochet
scene Physics controls: Framework select dropdown,Discrete option selection menu.,1,Rigidity
pointer drag on a free,Interactive canvas stage allowing direct pointer dragging of nodes/geometry.,1,Rigidity
"""Nudge"" button",Action trigger button.,1,Rolling Measure
scene Physics controls: Sides slider,Continuous slider control.,1,Rolling Measure
pointer swipe across the stage imparts rolling motion,Interactive canvas stage allowing direct pointer dragging of nodes/geometry.,1,Rolling Measure
"""Drop again"" button",Action trigger button.,1,Falling Forms
scene Physics controls: forms/count slider,Continuous slider control.,1,Falling Forms
"pointer drag grabs and moves a falling form, release throws it with the drag's exit velocity",Interactive canvas stage allowing direct pointer dragging of nodes/geometry.,1,Falling Forms
"""Replant"" button",Action trigger button.,1,Charge Garden
scene Physics controls: arrangement select dropdown,Discrete option selection menu.,1,Charge Garden
pointer drag on a charge source moves it and redraws all equipotentials live,Interactive canvas stage allowing direct pointer dragging of nodes/geometry.,1,Charge Garden
tapping empty stage space plants an additional alternating-sign charge,Interactive instrument control.,1,Charge Garden
scene Physics controls: grains slider,Continuous slider control.,1,Packing Pressure
"pointer drag on the roof pulls it downward to compress the pack, dragging a grain stirs/relocates it directly",Interactive canvas stage allowing direct pointer dragging of nodes/geometry.,1,Packing Pressure
Relaunch button,Action trigger button.,1,Geodesic Drift
Physics group rendered dynamically: Time scale slider,Continuous slider control.,1,Geodesic Drift
pointer drag,Interactive canvas stage allowing direct pointer dragging of nodes/geometry.,1,Geodesic Drift
Physics group: Moving points slider,Continuous slider control.,1,Kinetic Hull
"Master level slider, Audio toggle",Global audio engine master enable/disable toggle.,1,Kinetic Hull
pointer interaction: pointerdown near an existing point selects and drags it,Interactive canvas stage allowing direct pointer dragging of nodes/geometry.,1,Kinetic Hull
pointerdown on empty canvas adds a new point there,Interactive canvas stage allowing direct pointer dragging of nodes/geometry.,1,Kinetic Hull
dragging blends the point's direction toward the drag vector,Interactive instrument control.,1,Kinetic Hull
release recomputes hull/Delaunay,Interactive instrument control.,1,Kinetic Hull
"Reset all parameters button. Keyboard on canvas: Space play/pause, R reset, Enter triggers Reseed",Restores all instrument parameters and scenes to default values.,1,Kinetic Hull
"Rule atlas details/summary popover with a live SVG rule preview, a rule-or-8-bit-code search text input, a Show filter select",Filter cutoff frequency and spectral resonance control.,1,Automatapoeia
Previous/Next rule buttons,Action trigger button.,1,Automatapoeia
Rule number slider,Continuous slider control.,1,Automatapoeia
Boundary condition select,Discrete option selection menu.,1,Automatapoeia
Post-step transform select,Discrete option selection menu.,1,Automatapoeia
Generation rate slider,Continuous slider control.,1,Automatapoeia
Columns slider,Continuous slider control.,1,Automatapoeia
Seed density slider,Generates or steps to a new pseudo-random generation seed.,1,Automatapoeia
Sonify-cells select,Discrete option selection menu.,1,Automatapoeia
Sound-objects select,Discrete option selection menu.,1,Automatapoeia
Synthesis technique select with optgroups,Discrete option selection menu.,1,Automatapoeia
Oscillator models: Modal-FM Strike/Cascading PM/Glass Lattice/Wavefold Ribbon,Interactive instrument control.,1,Automatapoeia
Noise resonators: Formant Dust),Interactive instrument control.,1,Automatapoeia
Frequency floor slider,Continuous slider control.,1,Automatapoeia
Pitch response select,Discrete option selection menu.,1,Automatapoeia
Pitch motion trace slider,Continuous slider control.,1,Automatapoeia
Timbre-driven-by select,Discrete option selection menu.,1,Automatapoeia
Timbre amount slider,Continuous slider control.,1,Automatapoeia
Contour-driven-by select,Discrete option selection menu.,1,Automatapoeia
Contour depth slider,Fractal iteration depth or recursive expansion steps.,1,Automatapoeia
Phrase shape select,Selects or morphs oscillator waveform shape.,1,Automatapoeia
Rhythm detail slider,Continuous slider control.,1,Automatapoeia
Horizontal time spread slider,Continuous slider control.,1,Automatapoeia
Row swing slider,Rhythmic swing timing applied to alternating clock steps.,1,Automatapoeia
Gate/overlap slider,Continuous slider control.,1,Automatapoeia
Attack slider,Continuous slider control.,1,Automatapoeia
Sustain slider,Continuous slider control.,1,Automatapoeia
Release slider,Continuous slider control.,1,Automatapoeia
Number limit slider,Continuous slider control.,1,Prime Sieve
Pitch spread slider,Continuous slider control.,1,Prime Sieve
each bob's crossing pitch is offset by index/12 octaves). Reset all parameters button,Restores all instrument parameters and scenes to default values.,1,Pendulum Wave
Release pair button,Action trigger button.,1,Double Pendulum
Gravity slider,Continuous slider control.,1,Double Pendulum
Second arm slider,Continuous slider control.,1,Double Pendulum
Initial offset slider,Continuous slider control.,1,Double Pendulum
Time scale slider,Continuous slider control.,1,Double Pendulum
Tone center slider,Continuous slider control.,1,Double Pendulum
Reaction preset button group,Action trigger button.,1,Reaction-Diffusion
data-reaction attribute,Interactive instrument control.,1,Reaction-Diffusion
clicking sets Feed/Kill sliders and reseeds the field),Generates or steps to a new pseudo-random generation seed.,1,Reaction-Diffusion
New droplets button,Action trigger button.,1,Reaction-Diffusion
Feed rate F slider,Continuous slider control.,1,Reaction-Diffusion
Kill rate K slider,Continuous slider control.,1,Reaction-Diffusion
B diffusion slider,Continuous slider control.,1,Reaction-Diffusion
Simulation speed slider,"Rate of playhead scanning, geometric traversal, or animation.",1,Reaction-Diffusion
click/pointerdown interaction,Interactive canvas stage allowing direct pointer dragging of nodes/geometry.,1,Reaction-Diffusion
Orbital preset button group,Action trigger button.,1,Atomic Orbitals
"data-orbital=""n:l:m""",Interactive instrument control.,1,Atomic Orbitals
"sets quantum numbers n, l, m directly)",Interactive instrument control.,1,Atomic Orbitals
Slice radius slider,Continuous slider control.,1,Atomic Orbitals
Slice rotation slider,Continuous slider control.,1,Atomic Orbitals
Tone root slider,Continuous slider control.,1,Atomic Orbitals
DNA bases text field,Interactive instrument control.,1,DNA Translator
live-edits reset the scan),"Rate of playhead scanning, geometric traversal, or animation.",1,DNA Translator
Restart scan button,"Rate of playhead scanning, geometric traversal, or animation.",1,DNA Translator
Mutate one base button,Action trigger button.,1,DNA Translator
Base pitch slider,Continuous slider control.,1,DNA Translator
Visible bases slider,Continuous slider control.,1,DNA Translator
Helix twist slider,Continuous slider control.,1,DNA Translator
Input neuron button group,Action trigger button.,1,Neural Pulse
selecting one fires a fresh forward pass with that input active),Discrete option selection menu.,1,Neural Pulse
Randomize weights button,Generates or steps to a new pseudo-random generation seed.,1,Neural Pulse
Fire threshold slider,Continuous slider control.,1,Neural Pulse
Activation gain slider,Continuous slider control.,1,Neural Pulse
Pulse rate slider,Continuous slider control.,1,Neural Pulse
Input noise slider,Continuous slider control.,1,Neural Pulse
Waveform series button group,Selects or morphs oscillator waveform shape.,1,Fourier Epicycles
data-fourier-wave),Interactive instrument control.,1,Fourier Epicycles
Harmonic limit slider,Continuous slider control.,1,Fourier Epicycles
Vector rate slider,Continuous slider control.,1,Fourier Epicycles
Fundamental slider,Continuous slider control.,1,Fourier Epicycles
Lens mass slider,Continuous slider control.,1,Gravity Lens
Source offset slider,Continuous slider control.,1,Gravity Lens
Source sweep slider,Continuous slider control.,1,Gravity Lens
Sweep rate slider,Continuous slider control.,1,Gravity Lens
Source tone slider,Continuous slider control.,1,Gravity Lens
Mask geometry choice switch,Two-state binary toggle switch.,1,Cantor Lock
Generation depth slider,Fractal iteration depth or recursive expansion steps.,1,Cantor Lock
Mask offset slider,Continuous slider control.,1,Cantor Lock
also settable by clicking a cell on the canvas),Interactive canvas stage allowing direct pointer dragging of nodes/geometry.,1,Cantor Lock
Phase seed slider,Generates or steps to a new pseudo-random generation seed.,1,Cantor Lock
Tighten trap button,Action trigger button.,1,Cantor Lock
Next phase seed button,Generates or steps to a new pseudo-random generation seed.,1,Cantor Lock
Reset Cantor Lock button,Action trigger button.,1,Cantor Lock
Step once button,Action trigger button.,1,Escape Dust
Map rate slider,Continuous slider control.,1,Escape Dust
Classical/Wave/Overlay view-mode switch,Two-state binary toggle switch.,1,Escape Dust
Momentum p slider,Continuous slider control.,1,Escape Dust
Packet spread sigma slider,Continuous slider control.,1,Escape Dust
Middle opening slider,Continuous slider control.,1,Escape Dust
Point seed slider,Generates or steps to a new pseudo-random generation seed.,1,Escape Dust
Reset Escape Dust button,Action trigger button.,1,Escape Dust
data-preset),Interactive instrument control.,1,Linebreaker
Angle slider,Continuous slider control.,1,Linebreaker
Offset slider,Continuous slider control.,1,Linebreaker
Probe width slider,Continuous slider control.,1,Linebreaker
Find clearest occupied line button,Action trigger button.,1,Linebreaker
Phrase rate slider,Continuous slider control.,1,Linebreaker
